--
-- PostgreSQL database dump
--

-- Dumped from database version 17.2 (Debian 17.2-1.pgdg120+1)
-- Dumped by pg_dump version 17.4

SET statement_timeout = 0;
SET lock_timeout = 0;
SET idle_in_transaction_session_timeout = 0;
SET client_encoding = 'UTF8';
SET standard_conforming_strings = on;
SELECT pg_catalog.set_config('search_path', '', false);
SET check_function_bodies = false;
SET xmloption = content;
SET client_min_messages = warning;
SET row_security = off;

SET default_tablespace = '';

SET default_table_access_method = heap;

--
-- Name: auth_group; Type: TABLE; Schema: public; Owner: postgres
--

CREATE TABLE public.auth_group (
    id integer NOT NULL,
    name character varying(150) NOT NULL
);


ALTER TABLE public.auth_group OWNER TO postgres;

--
-- Name: auth_group_id_seq; Type: SEQUENCE; Schema: public; Owner: postgres
--

ALTER TABLE public.auth_group ALTER COLUMN id ADD GENERATED BY DEFAULT AS IDENTITY (
    SEQUENCE NAME public.auth_group_id_seq
    START WITH 1
    INCREMENT BY 1
    NO MINVALUE
    NO MAXVALUE
    CACHE 1
);


--
-- Name: auth_group_permissions; Type: TABLE; Schema: public; Owner: postgres
--

CREATE TABLE public.auth_group_permissions (
    id bigint NOT NULL,
    group_id integer NOT NULL,
    permission_id integer NOT NULL
);


ALTER TABLE public.auth_group_permissions OWNER TO postgres;

--
-- Name: auth_group_permissions_id_seq; Type: SEQUENCE; Schema: public; Owner: postgres
--

ALTER TABLE public.auth_group_permissions ALTER COLUMN id ADD GENERATED BY DEFAULT AS IDENTITY (
    SEQUENCE NAME public.auth_group_permissions_id_seq
    START WITH 1
    INCREMENT BY 1
    NO MINVALUE
    NO MAXVALUE
    CACHE 1
);


--
-- Name: auth_permission; Type: TABLE; Schema: public; Owner: postgres
--

CREATE TABLE public.auth_permission (
    id integer NOT NULL,
    name character varying(255) NOT NULL,
    content_type_id integer NOT NULL,
    codename character varying(100) NOT NULL
);


ALTER TABLE public.auth_permission OWNER TO postgres;

--
-- Name: auth_permission_id_seq; Type: SEQUENCE; Schema: public; Owner: postgres
--

ALTER TABLE public.auth_permission ALTER COLUMN id ADD GENERATED BY DEFAULT AS IDENTITY (
    SEQUENCE NAME public.auth_permission_id_seq
    START WITH 1
    INCREMENT BY 1
    NO MINVALUE
    NO MAXVALUE
    CACHE 1
);


--
-- Name: authtoken_token; Type: TABLE; Schema: public; Owner: postgres
--

CREATE TABLE public.authtoken_token (
    key character varying(40) NOT NULL,
    created timestamp with time zone NOT NULL,
    user_id bigint NOT NULL
);


ALTER TABLE public.authtoken_token OWNER TO postgres;

--
-- Name: django_admin_log; Type: TABLE; Schema: public; Owner: postgres
--

CREATE TABLE public.django_admin_log (
    id integer NOT NULL,
    action_time timestamp with time zone NOT NULL,
    object_id text,
    object_repr character varying(200) NOT NULL,
    action_flag smallint NOT NULL,
    change_message text NOT NULL,
    content_type_id integer,
    user_id bigint NOT NULL,
    CONSTRAINT django_admin_log_action_flag_check CHECK ((action_flag >= 0))
);


ALTER TABLE public.django_admin_log OWNER TO postgres;

--
-- Name: django_admin_log_id_seq; Type: SEQUENCE; Schema: public; Owner: postgres
--

ALTER TABLE public.django_admin_log ALTER COLUMN id ADD GENERATED BY DEFAULT AS IDENTITY (
    SEQUENCE NAME public.django_admin_log_id_seq
    START WITH 1
    INCREMENT BY 1
    NO MINVALUE
    NO MAXVALUE
    CACHE 1
);


--
-- Name: django_content_type; Type: TABLE; Schema: public; Owner: postgres
--

CREATE TABLE public.django_content_type (
    id integer NOT NULL,
    app_label character varying(100) NOT NULL,
    model character varying(100) NOT NULL
);


ALTER TABLE public.django_content_type OWNER TO postgres;

--
-- Name: django_content_type_id_seq; Type: SEQUENCE; Schema: public; Owner: postgres
--

ALTER TABLE public.django_content_type ALTER COLUMN id ADD GENERATED BY DEFAULT AS IDENTITY (
    SEQUENCE NAME public.django_content_type_id_seq
    START WITH 1
    INCREMENT BY 1
    NO MINVALUE
    NO MAXVALUE
    CACHE 1
);


--
-- Name: django_migrations; Type: TABLE; Schema: public; Owner: postgres
--

CREATE TABLE public.django_migrations (
    id bigint NOT NULL,
    app character varying(255) NOT NULL,
    name character varying(255) NOT NULL,
    applied timestamp with time zone NOT NULL
);


ALTER TABLE public.django_migrations OWNER TO postgres;

--
-- Name: django_migrations_id_seq; Type: SEQUENCE; Schema: public; Owner: postgres
--

ALTER TABLE public.django_migrations ALTER COLUMN id ADD GENERATED BY DEFAULT AS IDENTITY (
    SEQUENCE NAME public.django_migrations_id_seq
    START WITH 1
    INCREMENT BY 1
    NO MINVALUE
    NO MAXVALUE
    CACHE 1
);


--
-- Name: django_session; Type: TABLE; Schema: public; Owner: postgres
--

CREATE TABLE public.django_session (
    session_key character varying(40) NOT NULL,
    session_data text NOT NULL,
    expire_date timestamp with time zone NOT NULL
);


ALTER TABLE public.django_session OWNER TO postgres;

--
-- Name: tg_acc; Type: TABLE; Schema: public; Owner: postgres
--

CREATE TABLE public.tg_acc (
    id integer NOT NULL,
    username text,
    user_id bigint
);


ALTER TABLE public.tg_acc OWNER TO postgres;

--
-- Name: tg_acc_id_seq; Type: SEQUENCE; Schema: public; Owner: postgres
--

CREATE SEQUENCE public.tg_acc_id_seq
    AS integer
    START WITH 1
    INCREMENT BY 1
    NO MINVALUE
    NO MAXVALUE
    CACHE 1;


ALTER SEQUENCE public.tg_acc_id_seq OWNER TO postgres;

--
-- Name: tg_acc_id_seq; Type: SEQUENCE OWNED BY; Schema: public; Owner: postgres
--

ALTER SEQUENCE public.tg_acc_id_seq OWNED BY public.tg_acc.id;


--
-- Name: win_competition; Type: TABLE; Schema: public; Owner: postgres
--

CREATE TABLE public.win_competition (
    id bigint NOT NULL,
    max_participants integer NOT NULL,
    max_participants_in_team integer NOT NULL,
    min_age integer NOT NULL,
    max_age integer NOT NULL,
    name character varying(50) NOT NULL,
    competition_type character varying(10) NOT NULL,
    status character varying(25) DEFAULT 'pending'::character varying NOT NULL,
    description text NOT NULL,
    type character varying(10) NOT NULL,
    permissions jsonb NOT NULL,
    discipline_id bigint NOT NULL,
    CONSTRAINT win_competition_max_age_check CHECK ((max_age >= 0)),
    CONSTRAINT win_competition_min_age_check CHECK ((min_age >= 0))
);


ALTER TABLE public.win_competition OWNER TO postgres;

--
-- Name: win_competition_id_seq; Type: SEQUENCE; Schema: public; Owner: postgres
--

ALTER TABLE public.win_competition ALTER COLUMN id ADD GENERATED BY DEFAULT AS IDENTITY (
    SEQUENCE NAME public.win_competition_id_seq
    START WITH 1
    INCREMENT BY 1
    NO MINVALUE
    NO MAXVALUE
    CACHE 1
);


--
-- Name: win_competitiondate; Type: TABLE; Schema: public; Owner: postgres
--

CREATE TABLE public.win_competitiondate (
    id bigint NOT NULL,
    start_date timestamp with time zone NOT NULL,
    end_date timestamp with time zone NOT NULL,
    registration_start timestamp with time zone NOT NULL,
    registration_end timestamp with time zone NOT NULL,
    competition_id bigint NOT NULL
);


ALTER TABLE public.win_competitiondate OWNER TO postgres;

--
-- Name: win_competitiondate_id_seq; Type: SEQUENCE; Schema: public; Owner: postgres
--

ALTER TABLE public.win_competitiondate ALTER COLUMN id ADD GENERATED BY DEFAULT AS IDENTITY (
    SEQUENCE NAME public.win_competitiondate_id_seq
    START WITH 1
    INCREMENT BY 1
    NO MINVALUE
    NO MAXVALUE
    CACHE 1
);


--
-- Name: win_competitionorganizer; Type: TABLE; Schema: public; Owner: postgres
--

CREATE TABLE public.win_competitionorganizer (
    id bigint NOT NULL,
    rated boolean NOT NULL,
    competition_id bigint NOT NULL,
    user_id bigint NOT NULL
);


ALTER TABLE public.win_competitionorganizer OWNER TO postgres;

--
-- Name: win_competitionorganizer_id_seq; Type: SEQUENCE; Schema: public; Owner: postgres
--

ALTER TABLE public.win_competitionorganizer ALTER COLUMN id ADD GENERATED BY DEFAULT AS IDENTITY (
    SEQUENCE NAME public.win_competitionorganizer_id_seq
    START WITH 1
    INCREMENT BY 1
    NO MINVALUE
    NO MAXVALUE
    CACHE 1
);


--
-- Name: win_competitionparticipant; Type: TABLE; Schema: public; Owner: postgres
--

CREATE TABLE public.win_competitionparticipant (
    id bigint NOT NULL,
    competition_id bigint NOT NULL,
    participant_id bigint NOT NULL,
    result integer,
    CONSTRAINT win_competitionparticipant_result_check CHECK ((result >= 0))
);


ALTER TABLE public.win_competitionparticipant OWNER TO postgres;

--
-- Name: win_competitionparticipant_id_seq; Type: SEQUENCE; Schema: public; Owner: postgres
--

ALTER TABLE public.win_competitionparticipant ALTER COLUMN id ADD GENERATED BY DEFAULT AS IDENTITY (
    SEQUENCE NAME public.win_competitionparticipant_id_seq
    START WITH 1
    INCREMENT BY 1
    NO MINVALUE
    NO MAXVALUE
    CACHE 1
);


--
-- Name: win_competitionresult; Type: TABLE; Schema: public; Owner: postgres
--

CREATE TABLE public.win_competitionresult (
    id bigint NOT NULL,
    place integer NOT NULL,
    competition_id bigint NOT NULL,
    participant_id bigint NOT NULL,
    CONSTRAINT win_competitionresult_place_check CHECK ((place >= 0))
);


ALTER TABLE public.win_competitionresult OWNER TO postgres;

--
-- Name: win_competitionresult_id_seq; Type: SEQUENCE; Schema: public; Owner: postgres
--

ALTER TABLE public.win_competitionresult ALTER COLUMN id ADD GENERATED BY DEFAULT AS IDENTITY (
    SEQUENCE NAME public.win_competitionresult_id_seq
    START WITH 1
    INCREMENT BY 1
    NO MINVALUE
    NO MAXVALUE
    CACHE 1
);


--
-- Name: win_discipline; Type: TABLE; Schema: public; Owner: postgres
--

CREATE TABLE public.win_discipline (
    id bigint NOT NULL,
    name character varying(100) NOT NULL
);


ALTER TABLE public.win_discipline OWNER TO postgres;

--
-- Name: win_discipline_id_seq; Type: SEQUENCE; Schema: public; Owner: postgres
--

ALTER TABLE public.win_discipline ALTER COLUMN id ADD GENERATED BY DEFAULT AS IDENTITY (
    SEQUENCE NAME public.win_discipline_id_seq
    START WITH 1
    INCREMENT BY 1
    NO MINVALUE
    NO MAXVALUE
    CACHE 1
);


--
-- Name: win_faq; Type: TABLE; Schema: public; Owner: postgres
--

CREATE TABLE public.win_faq (
    id bigint NOT NULL,
    question character varying(255) NOT NULL,
    answer text NOT NULL
);


ALTER TABLE public.win_faq OWNER TO postgres;

--
-- Name: win_faq_id_seq; Type: SEQUENCE; Schema: public; Owner: postgres
--

ALTER TABLE public.win_faq ALTER COLUMN id ADD GENERATED BY DEFAULT AS IDENTITY (
    SEQUENCE NAME public.win_faq_id_seq
    START WITH 1
    INCREMENT BY 1
    NO MINVALUE
    NO MAXVALUE
    CACHE 1
);


--
-- Name: win_invitation; Type: TABLE; Schema: public; Owner: postgres
--

CREATE TABLE public.win_invitation (
    id bigint NOT NULL,
    status character varying(25) NOT NULL,
    team_id bigint NOT NULL,
    user_id bigint NOT NULL
);


ALTER TABLE public.win_invitation OWNER TO postgres;

--
-- Name: win_invitation_id_seq; Type: SEQUENCE; Schema: public; Owner: postgres
--

ALTER TABLE public.win_invitation ALTER COLUMN id ADD GENERATED BY DEFAULT AS IDENTITY (
    SEQUENCE NAME public.win_invitation_id_seq
    START WITH 1
    INCREMENT BY 1
    NO MINVALUE
    NO MAXVALUE
    CACHE 1
);


--
-- Name: win_news; Type: TABLE; Schema: public; Owner: postgres
--

CREATE TABLE public.win_news (
    id bigint NOT NULL,
    title character varying(200) NOT NULL,
    content text NOT NULL,
    image character varying(100),
    created_at timestamp with time zone NOT NULL
);


ALTER TABLE public.win_news OWNER TO postgres;

--
-- Name: win_news_id_seq; Type: SEQUENCE; Schema: public; Owner: postgres
--

ALTER TABLE public.win_news ALTER COLUMN id ADD GENERATED BY DEFAULT AS IDENTITY (
    SEQUENCE NAME public.win_news_id_seq
    START WITH 1
    INCREMENT BY 1
    NO MINVALUE
    NO MAXVALUE
    CACHE 1
);


--
-- Name: win_prizepoints; Type: TABLE; Schema: public; Owner: postgres
--

CREATE TABLE public.win_prizepoints (
    id bigint NOT NULL,
    competition_type character varying(20) NOT NULL,
    place integer NOT NULL,
    points integer NOT NULL,
    CONSTRAINT win_prizepoints_place_check CHECK ((place >= 0)),
    CONSTRAINT win_prizepoints_points_check CHECK ((points >= 0))
);


ALTER TABLE public.win_prizepoints OWNER TO postgres;

--
-- Name: win_prizepoints_id_seq; Type: SEQUENCE; Schema: public; Owner: postgres
--

ALTER TABLE public.win_prizepoints ALTER COLUMN id ADD GENERATED BY DEFAULT AS IDENTITY (
    SEQUENCE NAME public.win_prizepoints_id_seq
    START WITH 1
    INCREMENT BY 1
    NO MINVALUE
    NO MAXVALUE
    CACHE 1
);


--
-- Name: win_region; Type: TABLE; Schema: public; Owner: postgres
--

CREATE TABLE public.win_region (
    id bigint NOT NULL,
    name character varying(100) NOT NULL
);


ALTER TABLE public.win_region OWNER TO postgres;

--
-- Name: win_region_id_seq; Type: SEQUENCE; Schema: public; Owner: postgres
--

ALTER TABLE public.win_region ALTER COLUMN id ADD GENERATED BY DEFAULT AS IDENTITY (
    SEQUENCE NAME public.win_region_id_seq
    START WITH 1
    INCREMENT BY 1
    NO MINVALUE
    NO MAXVALUE
    CACHE 1
);


--
-- Name: win_role; Type: TABLE; Schema: public; Owner: postgres
--

CREATE TABLE public.win_role (
    id bigint NOT NULL,
    name character varying(100) NOT NULL
);


ALTER TABLE public.win_role OWNER TO postgres;

--
-- Name: win_role_id_seq; Type: SEQUENCE; Schema: public; Owner: postgres
--

ALTER TABLE public.win_role ALTER COLUMN id ADD GENERATED BY DEFAULT AS IDENTITY (
    SEQUENCE NAME public.win_role_id_seq
    START WITH 1
    INCREMENT BY 1
    NO MINVALUE
    NO MAXVALUE
    CACHE 1
);


--
-- Name: win_team; Type: TABLE; Schema: public; Owner: postgres
--

CREATE TABLE public.win_team (
    id bigint NOT NULL,
    name character varying(100) NOT NULL,
    description text NOT NULL,
    is_private boolean NOT NULL,
    max_members integer NOT NULL,
    current_members integer NOT NULL,
    competition_id bigint NOT NULL,
    captain_id bigint,
    CONSTRAINT win_team_current_members_check CHECK ((current_members >= 0)),
    CONSTRAINT win_team_max_members_check CHECK ((max_members >= 0))
);


ALTER TABLE public.win_team OWNER TO postgres;

--
-- Name: win_team_id_seq; Type: SEQUENCE; Schema: public; Owner: postgres
--

ALTER TABLE public.win_team ALTER COLUMN id ADD GENERATED BY DEFAULT AS IDENTITY (
    SEQUENCE NAME public.win_team_id_seq
    START WITH 1
    INCREMENT BY 1
    NO MINVALUE
    NO MAXVALUE
    CACHE 1
);


--
-- Name: win_team_members; Type: TABLE; Schema: public; Owner: postgres
--

CREATE TABLE public.win_team_members (
    id bigint NOT NULL,
    team_id bigint NOT NULL,
    userinfo_id bigint NOT NULL
);


ALTER TABLE public.win_team_members OWNER TO postgres;

--
-- Name: win_team_members_id_seq; Type: SEQUENCE; Schema: public; Owner: postgres
--

ALTER TABLE public.win_team_members ALTER COLUMN id ADD GENERATED BY DEFAULT AS IDENTITY (
    SEQUENCE NAME public.win_team_members_id_seq
    START WITH 1
    INCREMENT BY 1
    NO MINVALUE
    NO MAXVALUE
    CACHE 1
);


--
-- Name: win_teamapplication; Type: TABLE; Schema: public; Owner: postgres
--

CREATE TABLE public.win_teamapplication (
    id bigint NOT NULL,
    status character varying(25) NOT NULL,
    reason text,
    team_id bigint NOT NULL,
    competition_id bigint NOT NULL
);


ALTER TABLE public.win_teamapplication OWNER TO postgres;

--
-- Name: win_teamapplication_id_seq; Type: SEQUENCE; Schema: public; Owner: postgres
--

ALTER TABLE public.win_teamapplication ALTER COLUMN id ADD GENERATED BY DEFAULT AS IDENTITY (
    SEQUENCE NAME public.win_teamapplication_id_seq
    START WITH 1
    INCREMENT BY 1
    NO MINVALUE
    NO MAXVALUE
    CACHE 1
);


--
-- Name: win_user; Type: TABLE; Schema: public; Owner: postgres
--

CREATE TABLE public.win_user (
    id bigint NOT NULL,
    password character varying(128) NOT NULL,
    last_login timestamp with time zone,
    is_superuser boolean NOT NULL,
    email character varying(254),
    "nickName" character varying(50) NOT NULL,
    date_joined timestamp with time zone NOT NULL
);


ALTER TABLE public.win_user OWNER TO postgres;

--
-- Name: win_user_groups; Type: TABLE; Schema: public; Owner: postgres
--

CREATE TABLE public.win_user_groups (
    id bigint NOT NULL,
    user_id bigint NOT NULL,
    group_id integer NOT NULL
);


ALTER TABLE public.win_user_groups OWNER TO postgres;

--
-- Name: win_user_groups_id_seq; Type: SEQUENCE; Schema: public; Owner: postgres
--

ALTER TABLE public.win_user_groups ALTER COLUMN id ADD GENERATED BY DEFAULT AS IDENTITY (
    SEQUENCE NAME public.win_user_groups_id_seq
    START WITH 1
    INCREMENT BY 1
    NO MINVALUE
    NO MAXVALUE
    CACHE 1
);


--
-- Name: win_user_id_seq; Type: SEQUENCE; Schema: public; Owner: postgres
--

ALTER TABLE public.win_user ALTER COLUMN id ADD GENERATED BY DEFAULT AS IDENTITY (
    SEQUENCE NAME public.win_user_id_seq
    START WITH 1
    INCREMENT BY 1
    NO MINVALUE
    NO MAXVALUE
    CACHE 1
);


--
-- Name: win_user_user_permissions; Type: TABLE; Schema: public; Owner: postgres
--

CREATE TABLE public.win_user_user_permissions (
    id bigint NOT NULL,
    user_id bigint NOT NULL,
    permission_id integer NOT NULL
);


ALTER TABLE public.win_user_user_permissions OWNER TO postgres;

--
-- Name: win_user_user_permissions_id_seq; Type: SEQUENCE; Schema: public; Owner: postgres
--

ALTER TABLE public.win_user_user_permissions ALTER COLUMN id ADD GENERATED BY DEFAULT AS IDENTITY (
    SEQUENCE NAME public.win_user_user_permissions_id_seq
    START WITH 1
    INCREMENT BY 1
    NO MINVALUE
    NO MAXVALUE
    CACHE 1
);


--
-- Name: win_userapplication; Type: TABLE; Schema: public; Owner: postgres
--

CREATE TABLE public.win_userapplication (
    id bigint NOT NULL,
    status character varying(25) NOT NULL,
    reason text,
    competition_id bigint NOT NULL,
    user_id bigint NOT NULL
);


ALTER TABLE public.win_userapplication OWNER TO postgres;

--
-- Name: win_userapplication_id_seq; Type: SEQUENCE; Schema: public; Owner: postgres
--

ALTER TABLE public.win_userapplication ALTER COLUMN id ADD GENERATED BY DEFAULT AS IDENTITY (
    SEQUENCE NAME public.win_userapplication_id_seq
    START WITH 1
    INCREMENT BY 1
    NO MINVALUE
    NO MAXVALUE
    CACHE 1
);


--
-- Name: win_userdisciplinestats; Type: TABLE; Schema: public; Owner: postgres
--

CREATE TABLE public.win_userdisciplinestats (
    id bigint NOT NULL,
    competitions_count integer NOT NULL,
    points_count integer NOT NULL,
    discipline_id bigint NOT NULL,
    user_id bigint NOT NULL,
    CONSTRAINT win_userdisciplinestats_competitions_count_check CHECK ((competitions_count >= 0)),
    CONSTRAINT win_userdisciplinestats_points_count_check CHECK ((points_count >= 0))
);


ALTER TABLE public.win_userdisciplinestats OWNER TO postgres;

--
-- Name: win_userdisciplinestats_id_seq; Type: SEQUENCE; Schema: public; Owner: postgres
--

ALTER TABLE public.win_userdisciplinestats ALTER COLUMN id ADD GENERATED BY DEFAULT AS IDENTITY (
    SEQUENCE NAME public.win_userdisciplinestats_id_seq
    START WITH 1
    INCREMENT BY 1
    NO MINVALUE
    NO MAXVALUE
    CACHE 1
);


--
-- Name: win_userinfo; Type: TABLE; Schema: public; Owner: postgres
--

CREATE TABLE public.win_userinfo (
    id bigint NOT NULL,
    surname character varying(100) NOT NULL,
    name character varying(100) NOT NULL,
    patronymic character varying(100),
    birthday date,
    region_id bigint NOT NULL,
    role_id bigint NOT NULL,
    user_id bigint NOT NULL,
    is_approved boolean NOT NULL,
    tg_username character varying(30),
    rating double precision NOT NULL
);


ALTER TABLE public.win_userinfo OWNER TO postgres;

--
-- Name: win_userinfo_id_seq; Type: SEQUENCE; Schema: public; Owner: postgres
--

ALTER TABLE public.win_userinfo ALTER COLUMN id ADD GENERATED BY DEFAULT AS IDENTITY (
    SEQUENCE NAME public.win_userinfo_id_seq
    START WITH 1
    INCREMENT BY 1
    NO MINVALUE
    NO MAXVALUE
    CACHE 1
);


--
-- Name: win_vacancyresponse; Type: TABLE; Schema: public; Owner: postgres
--

CREATE TABLE public.win_vacancyresponse (
    id bigint NOT NULL,
    text text NOT NULL,
    status character varying(25) NOT NULL,
    user_id bigint NOT NULL,
    team_id bigint NOT NULL
);


ALTER TABLE public.win_vacancyresponse OWNER TO postgres;

--
-- Name: win_vacancyresponse_id_seq; Type: SEQUENCE; Schema: public; Owner: postgres
--

ALTER TABLE public.win_vacancyresponse ALTER COLUMN id ADD GENERATED BY DEFAULT AS IDENTITY (
    SEQUENCE NAME public.win_vacancyresponse_id_seq
    START WITH 1
    INCREMENT BY 1
    NO MINVALUE
    NO MAXVALUE
    CACHE 1
);


--
-- Name: tg_acc id; Type: DEFAULT; Schema: public; Owner: postgres
--

ALTER TABLE ONLY public.tg_acc ALTER COLUMN id SET DEFAULT nextval('public.tg_acc_id_seq'::regclass);


--
-- Data for Name: auth_group; Type: TABLE DATA; Schema: public; Owner: postgres
--

COPY public.auth_group (id, name) FROM stdin;
\.


--
-- Data for Name: auth_group_permissions; Type: TABLE DATA; Schema: public; Owner: postgres
--

COPY public.auth_group_permissions (id, group_id, permission_id) FROM stdin;
\.


--
-- Data for Name: auth_permission; Type: TABLE DATA; Schema: public; Owner: postgres
--

COPY public.auth_permission (id, name, content_type_id, codename) FROM stdin;
1	Can add log entry	1	add_logentry
2	Can change log entry	1	change_logentry
3	Can delete log entry	1	delete_logentry
4	Can view log entry	1	view_logentry
5	Can add permission	2	add_permission
6	Can change permission	2	change_permission
7	Can delete permission	2	delete_permission
8	Can view permission	2	view_permission
9	Can add group	3	add_group
10	Can change group	3	change_group
11	Can delete group	3	delete_group
12	Can view group	3	view_group
13	Can add content type	4	add_contenttype
14	Can change content type	4	change_contenttype
15	Can delete content type	4	delete_contenttype
16	Can view content type	4	view_contenttype
17	Can add session	5	add_session
18	Can change session	5	change_session
19	Can delete session	5	delete_session
20	Can view session	5	view_session
21	Can add Token	6	add_token
22	Can change Token	6	change_token
23	Can delete Token	6	delete_token
24	Can view Token	6	view_token
25	Can add Token	7	add_tokenproxy
26	Can change Token	7	change_tokenproxy
27	Can delete Token	7	delete_tokenproxy
28	Can view Token	7	view_tokenproxy
29	Can add competition	8	add_competition
30	Can change competition	8	change_competition
31	Can delete competition	8	delete_competition
32	Can view competition	8	view_competition
33	Can add discipline	9	add_discipline
34	Can change discipline	9	change_discipline
35	Can delete discipline	9	delete_discipline
36	Can view discipline	9	view_discipline
37	Can add FAQ	10	add_faq
38	Can change FAQ	10	change_faq
39	Can delete FAQ	10	delete_faq
40	Can view FAQ	10	view_faq
41	Can add Новость	11	add_news
42	Can change Новость	11	change_news
43	Can delete Новость	11	delete_news
44	Can view Новость	11	view_news
45	Can add Призовые баллы	12	add_prizepoints
46	Can change Призовые баллы	12	change_prizepoints
47	Can delete Призовые баллы	12	delete_prizepoints
48	Can view Призовые баллы	12	view_prizepoints
49	Can add region	13	add_region
50	Can change region	13	change_region
51	Can delete region	13	delete_region
52	Can view region	13	view_region
53	Can add role	14	add_role
54	Can change role	14	change_role
55	Can delete role	14	delete_role
56	Can view role	14	view_role
57	Can add user	15	add_user
58	Can change user	15	change_user
59	Can delete user	15	delete_user
60	Can view user	15	view_user
61	Can add competition date	16	add_competitiondate
62	Can change competition date	16	change_competitiondate
63	Can delete competition date	16	delete_competitiondate
64	Can view competition date	16	view_competitiondate
65	Can add team	17	add_team
66	Can change team	17	change_team
67	Can delete team	17	delete_team
68	Can view team	17	view_team
69	Can add Team Application	18	add_teamapplication
70	Can change Team Application	18	change_teamapplication
71	Can delete Team Application	18	delete_teamapplication
72	Can view Team Application	18	view_teamapplication
73	Can add user info	19	add_userinfo
74	Can change user info	19	change_userinfo
75	Can delete user info	19	delete_userinfo
76	Can view user info	19	view_userinfo
77	Can add invitation	20	add_invitation
78	Can change invitation	20	change_invitation
79	Can delete invitation	20	delete_invitation
80	Can view invitation	20	view_invitation
81	Can add competition participant	21	add_competitionparticipant
82	Can change competition participant	21	change_competitionparticipant
83	Can delete competition participant	21	delete_competitionparticipant
84	Can view competition participant	21	view_competitionparticipant
85	Can add vacancy response	22	add_vacancyresponse
86	Can change vacancy response	22	change_vacancyresponse
87	Can delete vacancy response	22	delete_vacancyresponse
88	Can view vacancy response	22	view_vacancyresponse
89	Can add user discipline stats	23	add_userdisciplinestats
90	Can change user discipline stats	23	change_userdisciplinestats
91	Can delete user discipline stats	23	delete_userdisciplinestats
92	Can view user discipline stats	23	view_userdisciplinestats
93	Can add User Application	24	add_userapplication
94	Can change User Application	24	change_userapplication
95	Can delete User Application	24	delete_userapplication
96	Can view User Application	24	view_userapplication
97	Can add competition result	25	add_competitionresult
98	Can change competition result	25	change_competitionresult
99	Can delete competition result	25	delete_competitionresult
100	Can view competition result	25	view_competitionresult
101	Can add competition organizer	26	add_competitionorganizer
102	Can change competition organizer	26	change_competitionorganizer
103	Can delete competition organizer	26	delete_competitionorganizer
104	Can view competition organizer	26	view_competitionorganizer
\.


--
-- Data for Name: authtoken_token; Type: TABLE DATA; Schema: public; Owner: postgres
--

COPY public.authtoken_token (key, created, user_id) FROM stdin;
93a458cab8ce621b6deb56b7657e3809603d56ab	2025-04-24 13:04:35.823566+00	2
3c5b12ed53b0713077834f39571e3903f9519c45	2025-04-24 13:04:37.908279+00	3
dee6ee03b4cac39bbca3933fc4a7d32931e5690d	2025-04-24 13:05:26.997309+00	4
b68a086bc7b3d853b57a8262e427cee4a3ceafbc	2025-04-24 13:05:41.807038+00	5
01a9c288d44be126f53191ef41ffade535c26857	2025-04-24 13:06:31.416577+00	6
aef074609ba26d8ac2d277469ff89f4a784c90e0	2025-04-24 13:06:36.46304+00	7
48356c9c8988eabb56210d4abe7fa94136b4dae7	2025-04-24 13:07:15.815949+00	8
c18f8bcce9f8aaca4ef7aee99d1c6cd8cf973041	2025-04-24 13:07:20.823109+00	9
a407a00690c325a09abfbace6d61a36763626a4d	2025-04-24 13:08:00.451904+00	10
fe7a64a4fb025b4a6bbd694329bd6f4d96b95430	2025-04-24 13:08:39.704455+00	11
736038a72de1e77e9656753c66e6d6a211961adc	2025-04-24 13:09:02.644792+00	13
0c3d658758a9cc97584651fa09a42bca742fc403	2025-04-24 13:09:47.697353+00	14
6642887892760b811646788e7dce23482b2564e6	2025-04-24 13:15:55.288467+00	1
6de695d1f7fe4a05b3dba7d67db852ca034d8a5f	2025-04-24 13:19:15.441308+00	15
635e220d4f137be81ffe746faeac70457a49c2af	2025-04-24 13:19:23.916083+00	17
2a49857b4cdcebe157e7e950abb9671d43972d08	2025-04-24 14:42:15.000477+00	16
\.


--
-- Data for Name: django_admin_log; Type: TABLE DATA; Schema: public; Owner: postgres
--

COPY public.django_admin_log (id, action_time, object_id, object_repr, action_flag, change_message, content_type_id, user_id) FROM stdin;
\.


--
-- Data for Name: django_content_type; Type: TABLE DATA; Schema: public; Owner: postgres
--

COPY public.django_content_type (id, app_label, model) FROM stdin;
1	admin	logentry
2	auth	permission
3	auth	group
4	contenttypes	contenttype
5	sessions	session
6	authtoken	token
7	authtoken	tokenproxy
8	win	competition
9	win	discipline
10	win	faq
11	win	news
12	win	prizepoints
13	win	region
14	win	role
15	win	user
16	win	competitiondate
17	win	team
18	win	teamapplication
19	win	userinfo
20	win	invitation
21	win	competitionparticipant
22	win	vacancyresponse
23	win	userdisciplinestats
24	win	userapplication
25	win	competitionresult
26	win	competitionorganizer
\.


--
-- Data for Name: django_migrations; Type: TABLE DATA; Schema: public; Owner: postgres
--

COPY public.django_migrations (id, app, name, applied) FROM stdin;
1	contenttypes	0001_initial	2025-04-24 12:56:28.045356+00
2	contenttypes	0002_remove_content_type_name	2025-04-24 12:56:28.049297+00
3	auth	0001_initial	2025-04-24 12:56:28.066872+00
4	auth	0002_alter_permission_name_max_length	2025-04-24 12:56:28.070021+00
5	auth	0003_alter_user_email_max_length	2025-04-24 12:56:28.073467+00
6	auth	0004_alter_user_username_opts	2025-04-24 12:56:28.076796+00
7	auth	0005_alter_user_last_login_null	2025-04-24 12:56:28.080819+00
8	auth	0006_require_contenttypes_0002	2025-04-24 12:56:28.082139+00
9	auth	0007_alter_validators_add_error_messages	2025-04-24 12:56:28.085772+00
10	auth	0008_alter_user_username_max_length	2025-04-24 12:56:28.088901+00
11	auth	0009_alter_user_last_name_max_length	2025-04-24 12:56:28.092246+00
12	auth	0010_alter_group_name_max_length	2025-04-24 12:56:28.096208+00
13	auth	0011_update_proxy_permissions	2025-04-24 12:56:28.100623+00
14	auth	0012_alter_user_first_name_max_length	2025-04-24 12:56:28.104106+00
15	win	0001_initial	2025-04-24 12:56:28.263244+00
16	admin	0001_initial	2025-04-24 12:56:28.279859+00
17	admin	0002_logentry_remove_auto_add	2025-04-24 12:56:28.285579+00
18	admin	0003_logentry_add_action_flag_choices	2025-04-24 12:56:28.290885+00
19	authtoken	0001_initial	2025-04-24 12:56:28.31214+00
20	authtoken	0002_auto_20160226_1747	2025-04-24 12:56:28.336164+00
21	authtoken	0003_tokenproxy	2025-04-24 12:56:28.338033+00
22	authtoken	0004_alter_tokenproxy_options	2025-04-24 12:56:28.340877+00
23	sessions	0001_initial	2025-04-24 12:56:28.344863+00
24	win	0002_remove_vacancy_role_remove_vacancy_team_and_more	2025-04-24 12:56:28.413373+00
25	win	0003_userinfo_is_approved	2025-04-24 12:56:28.423309+00
26	win	0004_remove_competitionorganizer_status_and_more	2025-04-24 12:56:28.44569+00
27	win	0005_userinfo_tg_username_alter_userinfo_birthday	2025-04-24 12:56:28.467348+00
28	win	0006_alter_userinfo_tg_username	2025-04-24 12:56:28.4788+00
29	win	0007_userinfo_rating	2025-04-24 12:56:28.488535+00
30	win	0008_alter_team_members	2025-04-24 12:56:28.503269+00
31	win	0009_alter_team_members	2025-04-24 12:56:28.518468+00
32	win	0010_teamapplication_competition_and_more	2025-04-24 12:56:28.569142+00
33	win	0011_alter_competitionparticipant_result	2025-04-24 12:56:28.578435+00
34	win	0012_alter_competitionparticipant_result	2025-04-24 12:56:28.588207+00
35	win	0013_alter_teamapplication_status	2025-04-24 13:33:53.261182+00
36	win	0014_alter_competition_status_and_more	2025-04-24 13:49:50.409978+00
\.


--
-- Data for Name: django_session; Type: TABLE DATA; Schema: public; Owner: postgres
--

COPY public.django_session (session_key, session_data, expire_date) FROM stdin;
\.


--
-- Data for Name: tg_acc; Type: TABLE DATA; Schema: public; Owner: postgres
--

COPY public.tg_acc (id, username, user_id) FROM stdin;
\.


--
-- Data for Name: win_competition; Type: TABLE DATA; Schema: public; Owner: postgres
--

COPY public.win_competition (id, max_participants, max_participants_in_team, min_age, max_age, name, competition_type, status, description, type, permissions, discipline_id) FROM stdin;
3	25	3	18	60	Кубок Тюменской области	offline	registration	Кубок для парней без пилота	team	[72]	4
6	100	4	10	60	Facebook Open Cup	online	waiting	Американские соревнования для всех желающих	team	[9]	3
4	25	3	18	60	Открытый чемпионат Забайкалья	offline	registration	Забудь вернуться обратно	team	[1, 2, 3, 4, 5, 6, 7, 8, 9, 10, 11, 12, 13, 14, 15, 16, 17, 18, 19, 21, 22, 23, 24, 25, 26, 27, 28, 29, 30, 31, 32, 33, 34, 35, 36, 37, 38, 39, 40, 41, 42, 43, 44, 45, 46, 47, 48, 49, 50, 51, 52, 53, 54, 55, 56, 57, 58, 59, 60, 61, 62, 63, 64, 65, 66, 67, 68, 69, 70, 71, 72, 73, 74, 75, 76, 77, 78, 79, 80, 81, 82, 83, 84, 85, 86, 87, 89, 92, 95]	2
5	25	3	18	60	Открытый чемпионат Республики Татарстан	offline	registration	Забудь вернуться обратно	individual	[1, 2, 3, 4, 5, 6, 7, 8, 9, 10, 11, 12, 13, 14, 15, 16, 17, 18, 19, 21, 22, 23, 24, 25, 26, 27, 28, 29, 30, 31, 32, 33, 34, 35, 36, 37, 38, 39, 40, 41, 42, 43, 44, 45, 46, 47, 48, 49, 50, 51, 52, 53, 54, 55, 56, 57, 58, 59, 60, 61, 62, 63, 64, 65, 66, 67, 68, 69, 70, 71, 72, 73, 74, 75, 76, 77, 78, 79, 80, 81, 82, 83, 84, 85, 86, 87, 89, 92, 95]	1
7	20	4	10	60	Чемпионат Вичуги	offline	running	Чемпионат в Ивановской области	individual	[37]	2
21	100	1	10	60	Открытый кубок села Новосиль	online	registration	Открытый Кубок села Новосиль по спортивному программированию — это ежегодное региональное соревнование, направленное на развитие и популяризацию спортивного программирования как вида спорта в села Новосиль. Мероприятие проводится при поддержке Правительства села Новосиль и ориентировано на студентов, школьников и всех любителей алгоритмического программирования региона.	individual	[57]	0
1	15	4	10	60	Чемпионат Ивановской области	online	running	Соревнования в Ивановской области	individual	[37]	0
2	100	4	10	60	Чемпионат Орловской области	online	finished	Ежегодный чемпионат	individual	[6]	1
8	23	4	10	60	Чемпионат Шуи	offline	running	Чемпионат в Ивановской области	individual	[37]	4
9	15	4	10	60	Чемпионат родинков	offline	running	Чемпионат в Ивановской области	team	[37]	0
10	15	4	10	60	Чемпионат кинешмы	offline	running	Чемпионат в Ивановской области	team	[37]	0
11	15	4	10	60	Чемпионат заволжска	offline	running	Чемпионат в Ивановской области	team	[37]	0
12	15	4	10	60	Чемпионат Плеса	offline	running	Чемпионат в Ивановской области	team	[37]	0
13	100	4	10	60	Чемпионат Рыбинска	offline	running	Чемпионат в Ярославле	team	[76]	1
22	100	4	10	60	Всероссийские соревнования	offline	registration		team	[1, 2, 3, 4, 5, 6, 7, 8, 9, 10, 11, 12, 13, 14, 15, 16, 17, 18, 19, 21, 22, 23, 24, 25, 26, 27, 28, 29, 30, 31, 32, 33, 34, 35, 36, 37, 38, 39, 40, 41, 42, 43, 44, 45, 46, 47, 48, 49, 50, 51, 52, 53, 54, 55, 56, 57, 58, 59, 60, 61, 62, 63, 64, 65, 66, 67, 68, 69, 70, 71, 72, 73, 74, 75, 76, 77, 78, 79, 80, 81, 82, 83, 84, 85, 86, 87, 89, 92, 95]	1
18	100	1	10	60	Открытый кубок Московской области	online	waiting	Открытый Кубок Московской области по спортивному программированию — это ежегодное региональное соревнование, направленное на развитие и популяризацию спортивного программирования как вида спорта в Московской области. Мероприятие проводится при поддержке Правительства Московской области и ориентировано на студентов, школьников и всех любителей алгоритмического программирования региона.	individual	[1, 2, 3, 4, 5, 6, 7, 8, 9, 10, 11, 12, 13, 14, 15, 16, 17, 18, 19, 21, 22, 23, 24, 25, 26, 27, 28, 29, 30, 31, 32, 33, 34, 35, 36, 37, 38, 39, 40, 41, 42, 43, 44, 45, 46, 47, 48, 49, 50, 51, 52, 53, 54, 55, 56, 57, 58, 59, 60, 61, 62, 63, 64, 65, 66, 67, 68, 69, 70, 71, 72, 73, 74, 75, 76, 77, 78, 79, 80, 81, 82, 83, 84, 85, 86, 87, 89, 92, 95]	0
20	100	4	10	60	Открытый кубок Нарышкино	online	registration	Открытый Кубок Нарышкино по спортивному программированию — это ежегодное региональное соревнование, направленное на развитие и популяризацию спортивного программирования как вида спорта в Нарышкино. Мероприятие проводится при поддержке Правительства Нарышкино и ориентировано на студентов, школьников и всех любителей алгоритмического программирования региона.	individual	[57]	0
23	100	1	10	60	Соревнования села Солнцево	online	registration		individual	[57]	1
\.


--
-- Data for Name: win_competitiondate; Type: TABLE DATA; Schema: public; Owner: postgres
--

COPY public.win_competitiondate (id, start_date, end_date, registration_start, registration_end, competition_id) FROM stdin;
1	2025-04-20 09:00:00+00	2025-04-26 09:00:00+00	2025-04-01 09:00:00+00	2025-04-03 09:00:00+00	1
2	2025-04-22 08:11:00+00	2025-04-23 08:11:00+00	2025-04-01 09:00:00+00	2025-04-21 09:00:00+00	2
3	2025-04-25 10:11:00+00	2025-04-26 08:11:00+00	2025-04-01 09:00:00+00	2025-04-25 09:00:00+00	3
4	2025-04-25 10:11:00+00	2025-04-26 08:11:00+00	2025-04-01 09:00:00+00	2025-04-25 09:00:00+00	4
5	2025-04-25 10:11:00+00	2025-04-26 08:11:00+00	2025-04-01 09:00:00+00	2025-04-25 09:00:00+00	5
6	2025-04-26 16:38:00+00	2025-04-27 17:39:00+00	2025-04-05 17:39:00+00	2025-04-22 13:35:00+00	6
7	2025-04-23 09:00:00+00	2025-04-27 09:00:00+00	2025-04-01 09:00:00+00	2025-04-03 09:00:00+00	7
8	2025-04-22 09:00:00+00	2025-04-30 09:00:00+00	2025-04-03 09:00:00+00	2025-04-06 09:00:00+00	8
9	2025-04-17 09:00:00+00	2025-04-26 09:00:00+00	2025-04-02 20:12:00+00	2025-04-04 09:00:00+00	9
10	2025-04-17 09:00:00+00	2025-04-26 09:00:00+00	2025-04-02 20:12:00+00	2025-04-04 09:00:00+00	10
11	2025-04-17 09:00:00+00	2025-04-26 09:00:00+00	2025-04-02 20:12:00+00	2025-04-04 09:00:00+00	11
12	2025-04-17 09:00:00+00	2025-04-26 09:00:00+00	2025-04-02 20:12:00+00	2025-04-04 09:00:00+00	12
13	2025-04-24 18:00:00+00	2025-04-26 09:00:00+00	2025-04-02 09:00:00+00	2025-04-04 09:00:00+00	13
18	2025-05-01 17:00:00+00	2025-05-02 17:00:00+00	2025-04-25 17:00:00+00	2025-04-26 17:00:00+00	18
20	2025-04-26 17:05:00+00	2025-04-27 17:05:00+00	2025-04-23 17:05:00+00	2025-04-25 17:05:00+00	20
21	2025-05-01 17:25:00+00	2025-05-03 17:25:00+00	2025-04-23 17:26:00+00	2025-04-26 17:26:00+00	21
22	2025-05-03 18:04:00+00	2025-05-11 18:04:00+00	2025-04-23 18:05:00+00	2025-04-26 18:05:00+00	22
23	2025-05-03 18:22:00+00	2025-05-04 18:22:00+00	2025-04-23 18:22:00+00	2025-04-26 18:22:00+00	23
\.


--
-- Data for Name: win_competitionorganizer; Type: TABLE DATA; Schema: public; Owner: postgres
--

COPY public.win_competitionorganizer (id, rated, competition_id, user_id) FROM stdin;
1	f	1	17
2	f	2	15
3	f	3	15
4	f	4	15
5	f	5	15
6	f	6	15
7	f	7	17
8	f	8	17
9	f	9	17
10	f	10	17
11	f	11	17
12	f	12	17
13	f	13	15
18	f	18	1
20	f	20	15
21	f	21	15
22	f	22	1
23	f	23	15
\.


--
-- Data for Name: win_competitionparticipant; Type: TABLE DATA; Schema: public; Owner: postgres
--

COPY public.win_competitionparticipant (id, competition_id, participant_id, result) FROM stdin;
1	18	10	0
2	4	15	0
3	2	3	0
\.


--
-- Data for Name: win_competitionresult; Type: TABLE DATA; Schema: public; Owner: postgres
--

COPY public.win_competitionresult (id, place, competition_id, participant_id) FROM stdin;
\.


--
-- Data for Name: win_discipline; Type: TABLE DATA; Schema: public; Owner: postgres
--

COPY public.win_discipline (id, name) FROM stdin;
0	Продуктовое программирование
1	Программирование алгоритмическое
2	Программирование систем информационной безопасности
3	Программирование робототехники
4	Программирование БАС
\.


--
-- Data for Name: win_faq; Type: TABLE DATA; Schema: public; Owner: postgres
--

COPY public.win_faq (id, question, answer) FROM stdin;
1	Что такое спортивное программирование?	Спортивное программирование — это соревнования, в которых участники решают алгоритмические задачи за ограниченное время.
2	Какие платформы популярны для участия в соревнованиях?	Самые популярные платформы: Codeforces, AtCoder, TopCoder, LeetCode и Google Code Jam.
3	Как начать заниматься спортивным программированием?	Рекомендуется изучить основы алгоритмов и структур данных, а затем практиковаться на простых задачах на платформах.
4	Какие языки программирования можно использовать?	Чаще всего используют C++, Python и Java, но многие платформы поддерживают и другие языки.
5	Что такое контест?	Контест — это соревнование с набором задач, которые нужно решить за ограниченное время.
6	Как повысить рейтинг на Codeforces?	Регулярно участвуйте в контестах, анализируйте решения и изучайте новые алгоритмы.
7	Что делать, если не получается решить задачу?	Попробуйте разбить задачу на части, посмотреть подсказки или изучить похожие решения.
8	Какие существуют типы задач в спортивном программировании?	Основные типы: задачи на жадные алгоритмы, динамическое программирование, графы, строки и геометрию.
9	Можно ли заниматься спортивным программированием без опыта?	Да, главное — желание учиться и практика. Начинайте с простых задач и постепенно повышайте сложность.
10	Где найти сообщества и форумы по спортивному программированию?	Популярные сообщества есть на Codeforces, Reddit, Telegram и специализированных форумах.
\.


--
-- Data for Name: win_invitation; Type: TABLE DATA; Schema: public; Owner: postgres
--

COPY public.win_invitation (id, status, team_id, user_id) FROM stdin;
5	Ожидает	1	14
6	Принято	1	13
7	Отклонено	1	13
8	Отклонено	1	13
9	Принято	1	13
11	Ожидает	2	13
12	Ожидает	1	13
10	Отклонено	1	13
14	Ожидает	8	4
13	Принято	8	3
15	Принято	6	3
\.


--
-- Data for Name: win_news; Type: TABLE DATA; Schema: public; Owner: postgres
--

COPY public.win_news (id, title, content, image, created_at) FROM stdin;
1	Победа команды «CodeMasters» на международном турнире	Команда «CodeMasters» одержала убедительную победу на чемпионате мира по спортивному программированию, решив 9 из 10 задач в рекордное время.	\N	2025-04-20 14:30:00+00
2	Новый рекорд по скорости решения задач на Codeforces	Участник из России установил новый рекорд по скорости решения сложнейших задач на платформе Codeforces, завершив контест за 45 минут.	\N	2025-04-21 09:15:00+00
3	Объявлены даты проведения ACM ICPC 2025	Организаторы ACM ICPC объявили официальные даты проведения чемпионата 2025 года — соревнования стартуют 15 июня и продлятся три дня.	\N	2025-04-18 17:00:00+00
4	Топ-10 советов для успешного участия в спортивном программировании	Эксперты поделились рекомендациями для начинающих и опытных программистов, которые помогут улучшить результаты на соревнованиях.	\N	2025-04-19 12:00:00+00
5	Российская команда прошла в финал Google Code Jam	Команда из Москвы успешно преодолела отборочный этап Google Code Jam и вышла в финал, который состоится в августе.	\N	2025-04-22 10:45:00+00
6	Интервью с победителем TopCoder Open 2024	Мы поговорили с Алексеем Петровым, который рассказал о своей подготовке и стратегии на турнире TopCoder Open.	\N	2025-04-17 16:20:00+00
7	Новые задачи на платформе AtCoder вызвали ажиотаж	Последний контест на AtCoder привлек рекордное количество участников благодаря сложным и интересным задачам.	\N	2025-04-16 14:10:00+00
8	Как подготовиться к олимпиаде по программированию: советы тренеров	Опытные тренеры рассказали, как правильно распределить время и какие темы изучать для успешного выступления.	\N	2025-04-15 11:30:00+00
9	В Москве пройдет чемпионат по спортивному программированию среди студентов	С 1 по 3 мая в столице пройдет крупный студенческий турнир с участием команд из разных вузов страны.	\N	2025-04-14 09:00:00+00
10	Обновление правил соревнований Codeforces Round #750	Организаторы Codeforces объявили об изменениях в формате и правилах проведения следующего раунда, которые вступят в силу с мая.	\N	2025-04-13 18:45:00+00
\.


--
-- Data for Name: win_prizepoints; Type: TABLE DATA; Schema: public; Owner: postgres
--

COPY public.win_prizepoints (id, competition_type, place, points) FROM stdin;
\.


--
-- Data for Name: win_region; Type: TABLE DATA; Schema: public; Owner: postgres
--

COPY public.win_region (id, name) FROM stdin;
1	Республика Адыгея
2	Республика Башкортостан
3	Республика Бурятия
4	Республика Алтай
5	Республика Дагестан
6	Республика Ингушетия
7	Кабардино-Балкарская Республика
8	Республика Калмыкия
9	Карачаево-Черкесская Республика
10	Республика Карелия
11	Республика Коми
12	Республика Марий Эл
13	Республика Мордовия
14	Республика Саха (Якутия)
15	Республика Северная Осетия — Алания
16	Республика Татарстан
17	Республика Тыва
18	Удмуртская Республика
19	Республика Хакасия
21	Чувашская Республика
22	Алтайский край
23	Краснодарский край
24	Красноярский край
25	Приморский край
26	Ставропольский край
27	Хабаровский край
28	Амурская область
29	Архангельская область
30	Астраханская область
31	Белгородская область
32	Брянская область
33	Владимирская область
34	Волгоградская область
35	Вологодская область
36	Воронежская область
37	Ивановская область
38	Иркутская область
39	Калининградская область
40	Калужская область
41	Камчатский край
42	Кемеровская область
43	Кировская область
44	Костромская область
45	Курганская область
46	Курская область
47	Ленинградская область
48	Липецкая область
49	Магаданская область
50	Московская область
51	Мурманская область
52	Нижегородская область
53	Новгородская область
54	Новосибирская область
55	Омская область
56	Оренбургская область
57	Орловская область
58	Пензенская область
59	Пермский край
60	Псковская область
61	Ростовская область
62	Рязанская область
63	Самарская область
64	Саратовская область
65	Сахалинская область
66	Свердловская область
67	Смоленская область
68	Тамбовская область
69	Тверская область
70	Томская область
71	Тульская область
72	Тюменская область
73	Ульяновская область
74	Челябинская область
75	Забайкальский край
76	Ярославская область
77	Москва
78	Санкт-Петербург
79	Еврейская автономная область
80	Донецкая Народная Республика
81	Луганская Народная Республика
82	Республика Крым
83	Ненецкий автономный округ
84	Херсонская область
85	Запорожская область
86	Ханты-Мансийский автономный округ — Югра
87	Чукотский автономный округ
89	Ямало-Ненецкий автономный округ
92	Севастополь
95	Чеченская республика
\.


--
-- Data for Name: win_role; Type: TABLE DATA; Schema: public; Owner: postgres
--

COPY public.win_role (id, name) FROM stdin;
0	Участник
1	Региональный представитель ФСП
2	Представитель ФСП
\.


--
-- Data for Name: win_team; Type: TABLE DATA; Schema: public; Owner: postgres
--

COPY public.win_team (id, name, description, is_private, max_members, current_members, competition_id, captain_id) FROM stdin;
2	Команда Орловской области	Лучшая команда Орловской области	t	3	1	4	3
3	Команда Орловской области	Лучшая команда Орловской области	t	3	1	4	4
4	Команда Орловской области	Лучшая команда Орловской области	t	3	1	4	6
5	Команда Орловской области		f	3	1	4	1
6	Нарышкино		f	3	2	4	10
1	TatTeam	Ищу в команду Backend разработчика, DevOps специалиста	f	4	3	4	11
7	Регион 57		t	3	1	4	15
8	Попугаи		t	4	1	22	10
\.


--
-- Data for Name: win_team_members; Type: TABLE DATA; Schema: public; Owner: postgres
--

COPY public.win_team_members (id, team_id, userinfo_id) FROM stdin;
1	1	11
2	1	9
3	1	3
4	2	3
5	3	4
6	4	6
7	5	1
8	6	10
10	6	8
11	1	13
12	7	15
13	8	10
14	8	3
15	6	3
\.


--
-- Data for Name: win_teamapplication; Type: TABLE DATA; Schema: public; Owner: postgres
--

COPY public.win_teamapplication (id, status, reason, team_id, competition_id) FROM stdin;
\.


--
-- Data for Name: win_user; Type: TABLE DATA; Schema: public; Owner: postgres
--

COPY public.win_user (id, password, last_login, is_superuser, email, "nickName", date_joined) FROM stdin;
1	pbkdf2_sha256$1000000$zK42HewDiTULHrcYGcCn7D$7LPbrTBcoS6a2LDWVSH3Gjk5rtm1792ob8krHuHJOhE=	\N	f	root1@mail.ru	root1	2025-04-24 13:04:28.205231+00
2	pbkdf2_sha256$1000000$1MvyHDqrTUezzuGq0MxTfo$FQjpgtKHHgfJIPWI38ov7rCEFk4+M0zqG6jys3pBwv8=	\N	f	user7@mail.ru	ramzess	2025-04-24 13:04:35.583933+00
3	pbkdf2_sha256$1000000$xGPRAHzBGvtAuX8wFISVCq$IfnrehCI66xzWcd2toUUQ9syjI4JMASgcON5y9D5IXI=	\N	f	user1@mail.ru	rad_say	2025-04-24 13:04:37.675229+00
4	pbkdf2_sha256$1000000$25pmDXpJ0PxEy29fBGFxLJ$2QGa1Fv7RWFhaO3d5YT8RJOKVf9LrjDKixGRnp2GLr0=	\N	f	user2@mail.ru	MARS	2025-04-24 13:05:26.773609+00
5	pbkdf2_sha256$1000000$7REdq62kSwBGAq0gHCbig5$MzKZ1EmQbO5wW205nLmQ+pRe8zgXJcCmB1zq1osR9zM=	\N	f	user8@mail.ru	chivyMas	2025-04-24 13:05:41.567185+00
6	pbkdf2_sha256$1000000$AFkNoqAPbhJeDmBdNv9YUP$8aWpr7xuudZcky0bOOM4qUFs2eQiZ0De6mVqsWPXQY8=	\N	f	user3@mail.ru	РУСТАМЧИК	2025-04-24 13:06:31.19941+00
7	pbkdf2_sha256$1000000$iHZI6ByvzdHy8dqk9d660L$WF9kjotQfn1GvTQjxfTf8G5cvqAJhtsIOsus1NOzI40=	\N	f	user9@mail.ru	kokosovaya	2025-04-24 13:06:36.251885+00
8	pbkdf2_sha256$1000000$pUHjCL0ir3gaxHFv3jFA6e$SaQ88v3ZjCE2sWiEHNBHeA1AmUx4X+V/rfSHrJQacfo=	\N	f	user4@mail.ru	Никнейм	2025-04-24 13:07:15.596336+00
9	pbkdf2_sha256$1000000$b0eVoGOBDLn7co2mrbQEN0$6naGDwSqRpabaKTLIv7lYcJL+cpdJ150IYW6dB5aje0=	\N	f	user10@mail.ru	vancho	2025-04-24 13:07:20.604401+00
10	pbkdf2_sha256$1000000$pOhLkZqmBzMjwQcJNQwqXH$No/NYPPoEpth/KTpyvHSzw+cWVm0krIBA1r4qL0nIZM=	\N	f	user5@mail.ru	АРАМАРАТ	2025-04-24 13:08:00.238728+00
11	pbkdf2_sha256$1000000$XxxaLGUTjMY4B0PepXy5HH$S9K3zhBnUFCMugIhqwpKIrI76AtKdwnzYuUPzBu7Gjc=	\N	f	user6@mail.ru	КИТАЙ	2025-04-24 13:08:39.477956+00
12	pbkdf2_sha256$1000000$325mQJEu3oIr7J6UXwWK6v$/ziltDUKU6mbMb75RP8FMxnccjJlQ4a1kR0ssWRtcr8=	\N	f	root2@mail.ru	root2	2025-04-24 13:08:50.803632+00
13	pbkdf2_sha256$1000000$GLFlmwyTLjM0xorf27pxQb$uxLhVcu5BvzxtmeIa37oMCyMojHijV1PJWtLyGF9gn0=	\N	f	user11@mail.ru	foma_the_tester	2025-04-24 13:09:02.421529+00
14	pbkdf2_sha256$1000000$ND1w86Z2lyoTDLssvwtlqQ$J7kTw65weFT4eX08hnWRkui3zYYzQMaQGox72fVC6Tk=	\N	f	user12@mail.ru	lolly_code	2025-04-24 13:09:47.470103+00
15	pbkdf2_sha256$1000000$mZfOIRaN0BAuzcWELUnxnI$OoSVGxC7E80EVLUg1Fx4KnTWz1EmLRrOmPHze4QjhwU=	\N	f	region1@mail.ru	region1	2025-04-24 13:10:18.691186+00
16	pbkdf2_sha256$1000000$sxHWtObFBOopljJQxxYRSo$UP41CzwZ7xZuNbM4U1XEAlxuAjTmvDEmStlK6vIHjEs=	\N	f	region2@mail.ru	region2	2025-04-24 13:12:25.81973+00
17	pbkdf2_sha256$1000000$IXXMFzgouimDTMlIFZFwNc$HAP5UqG28HdNsrhhvpViqquYk+V/cXiKLLCg8dhN9yY=	\N	f	region3@mail.ru	region3	2025-04-24 13:14:32.737035+00
18	pbkdf2_sha256$1000000$OqkoxOZRwfFxsII8S4jevv$t3LtRsYpFHKiGT/IMKLfW9Dei7RtX/tRmNurKhcHeOU=	\N	f	region4@mail.ru	region4	2025-04-24 13:15:38.487245+00
\.


--
-- Data for Name: win_user_groups; Type: TABLE DATA; Schema: public; Owner: postgres
--

COPY public.win_user_groups (id, user_id, group_id) FROM stdin;
\.


--
-- Data for Name: win_user_user_permissions; Type: TABLE DATA; Schema: public; Owner: postgres
--

COPY public.win_user_user_permissions (id, user_id, permission_id) FROM stdin;
\.


--
-- Data for Name: win_userapplication; Type: TABLE DATA; Schema: public; Owner: postgres
--

COPY public.win_userapplication (id, status, reason, competition_id, user_id) FROM stdin;
1	accepted	\N	18	10
3	rejected	Отказано в доступе	21	10
2	rejected	Отказано в доступе	5	10
4	rejected	Отказано в доступе	21	5
5	pending	\N	23	10
\.


--
-- Data for Name: win_userdisciplinestats; Type: TABLE DATA; Schema: public; Owner: postgres
--

COPY public.win_userdisciplinestats (id, competitions_count, points_count, discipline_id, user_id) FROM stdin;
\.


--
-- Data for Name: win_userinfo; Type: TABLE DATA; Schema: public; Owner: postgres
--

COPY public.win_userinfo (id, surname, name, patronymic, birthday, region_id, role_id, user_id, is_approved, tg_username, rating) FROM stdin;
1	Рутовов	Михаил	Андреевич	1998-12-12	50	2	1	t	\N	0
12	Судовов	Андрей	Николаевич	1988-01-13	37	2	12	f	\N	0
13	Фоминых	Артем	Валерьевич	2010-08-07	19	0	13	t	\N	0
14	Милявская	Лолита	Евгеньевна	1955-04-03	10	0	14	t	\N	0
15	Регионов	Иван	Степанов	1998-05-12	57	1	15	t	\N	0
16	Иванов	Максим	Григорьевич	1978-02-14	46	1	16	t	\N	0
17	Птичьев	Радмир	Ленарович	1999-02-25	16	1	17	t	\N	0
18	Малышев	Николай	Александрович	1989-04-01	48	1	18	t	\N	0
10	Калилов	Марат	Гильманович	2000-07-30	57	0	10	t	\N	0
2	Алекян	Григорий	Валерьевич	2004-01-23	71	0	2	t	\N	100
3	Маннанов	Радмир	Ленарович	2003-07-31	16	0	3	t	\N	3
4	Каримов	Марсель	Галимович	2001-01-21	23	0	4	t	\N	15
5	Шеманаев	Петр	Анатольевич	1990-11-03	57	0	5	t	\N	13
8	Вавилов	Никита	Никофорович	2004-12-04	25	0	8	t	\N	5
6	Раков	Рустан	Валерьевич	2003-02-01	10	0	6	t	\N	2
7	Ариничева	Наталья	Юрьевна	2002-04-14	28	0	7	t	\N	16
9	Лубков	Иван	Олегович	1999-05-14	46	0	9	t	\N	3
11	Гараев	Фаиль	Сайфуллович	2001-08-05	72	0	11	t	\N	5
\.


--
-- Data for Name: win_vacancyresponse; Type: TABLE DATA; Schema: public; Owner: postgres
--

COPY public.win_vacancyresponse (id, text, status, user_id, team_id) FROM stdin;
1	Тест 4	accepted	9	1
2	Frontend специалист	accepted	3	1
3	backend	accepted	8	6
\.


--
-- Name: auth_group_id_seq; Type: SEQUENCE SET; Schema: public; Owner: postgres
--

SELECT pg_catalog.setval('public.auth_group_id_seq', 1, false);


--
-- Name: auth_group_permissions_id_seq; Type: SEQUENCE SET; Schema: public; Owner: postgres
--

SELECT pg_catalog.setval('public.auth_group_permissions_id_seq', 1, false);


--
-- Name: auth_permission_id_seq; Type: SEQUENCE SET; Schema: public; Owner: postgres
--

SELECT pg_catalog.setval('public.auth_permission_id_seq', 104, true);


--
-- Name: django_admin_log_id_seq; Type: SEQUENCE SET; Schema: public; Owner: postgres
--

SELECT pg_catalog.setval('public.django_admin_log_id_seq', 1, false);


--
-- Name: django_content_type_id_seq; Type: SEQUENCE SET; Schema: public; Owner: postgres
--

SELECT pg_catalog.setval('public.django_content_type_id_seq', 26, true);


--
-- Name: django_migrations_id_seq; Type: SEQUENCE SET; Schema: public; Owner: postgres
--

SELECT pg_catalog.setval('public.django_migrations_id_seq', 36, true);


--
-- Name: tg_acc_id_seq; Type: SEQUENCE SET; Schema: public; Owner: postgres
--

SELECT pg_catalog.setval('public.tg_acc_id_seq', 1, false);


--
-- Name: win_competition_id_seq; Type: SEQUENCE SET; Schema: public; Owner: postgres
--

SELECT pg_catalog.setval('public.win_competition_id_seq', 23, true);


--
-- Name: win_competitiondate_id_seq; Type: SEQUENCE SET; Schema: public; Owner: postgres
--

SELECT pg_catalog.setval('public.win_competitiondate_id_seq', 23, true);


--
-- Name: win_competitionorganizer_id_seq; Type: SEQUENCE SET; Schema: public; Owner: postgres
--

SELECT pg_catalog.setval('public.win_competitionorganizer_id_seq', 23, true);


--
-- Name: win_competitionparticipant_id_seq; Type: SEQUENCE SET; Schema: public; Owner: postgres
--

SELECT pg_catalog.setval('public.win_competitionparticipant_id_seq', 2, true);


--
-- Name: win_competitionresult_id_seq; Type: SEQUENCE SET; Schema: public; Owner: postgres
--

SELECT pg_catalog.setval('public.win_competitionresult_id_seq', 1, false);


--
-- Name: win_discipline_id_seq; Type: SEQUENCE SET; Schema: public; Owner: postgres
--

SELECT pg_catalog.setval('public.win_discipline_id_seq', 1, false);


--
-- Name: win_faq_id_seq; Type: SEQUENCE SET; Schema: public; Owner: postgres
--

SELECT pg_catalog.setval('public.win_faq_id_seq', 10, true);


--
-- Name: win_invitation_id_seq; Type: SEQUENCE SET; Schema: public; Owner: postgres
--

SELECT pg_catalog.setval('public.win_invitation_id_seq', 15, true);


--
-- Name: win_news_id_seq; Type: SEQUENCE SET; Schema: public; Owner: postgres
--

SELECT pg_catalog.setval('public.win_news_id_seq', 10, true);


--
-- Name: win_prizepoints_id_seq; Type: SEQUENCE SET; Schema: public; Owner: postgres
--

SELECT pg_catalog.setval('public.win_prizepoints_id_seq', 1, false);


--
-- Name: win_region_id_seq; Type: SEQUENCE SET; Schema: public; Owner: postgres
--

SELECT pg_catalog.setval('public.win_region_id_seq', 1, false);


--
-- Name: win_role_id_seq; Type: SEQUENCE SET; Schema: public; Owner: postgres
--

SELECT pg_catalog.setval('public.win_role_id_seq', 1, false);


--
-- Name: win_team_id_seq; Type: SEQUENCE SET; Schema: public; Owner: postgres
--

SELECT pg_catalog.setval('public.win_team_id_seq', 8, true);


--
-- Name: win_team_members_id_seq; Type: SEQUENCE SET; Schema: public; Owner: postgres
--

SELECT pg_catalog.setval('public.win_team_members_id_seq', 15, true);


--
-- Name: win_teamapplication_id_seq; Type: SEQUENCE SET; Schema: public; Owner: postgres
--

SELECT pg_catalog.setval('public.win_teamapplication_id_seq', 1, true);


--
-- Name: win_user_groups_id_seq; Type: SEQUENCE SET; Schema: public; Owner: postgres
--

SELECT pg_catalog.setval('public.win_user_groups_id_seq', 1, false);


--
-- Name: win_user_id_seq; Type: SEQUENCE SET; Schema: public; Owner: postgres
--

SELECT pg_catalog.setval('public.win_user_id_seq', 18, true);


--
-- Name: win_user_user_permissions_id_seq; Type: SEQUENCE SET; Schema: public; Owner: postgres
--

SELECT pg_catalog.setval('public.win_user_user_permissions_id_seq', 1, false);


--
-- Name: win_userapplication_id_seq; Type: SEQUENCE SET; Schema: public; Owner: postgres
--

SELECT pg_catalog.setval('public.win_userapplication_id_seq', 5, true);


--
-- Name: win_userdisciplinestats_id_seq; Type: SEQUENCE SET; Schema: public; Owner: postgres
--

SELECT pg_catalog.setval('public.win_userdisciplinestats_id_seq', 1, false);


--
-- Name: win_userinfo_id_seq; Type: SEQUENCE SET; Schema: public; Owner: postgres
--

SELECT pg_catalog.setval('public.win_userinfo_id_seq', 18, true);


--
-- Name: win_vacancyresponse_id_seq; Type: SEQUENCE SET; Schema: public; Owner: postgres
--

SELECT pg_catalog.setval('public.win_vacancyresponse_id_seq', 3, true);


--
-- Name: auth_group auth_group_name_key; Type: CONSTRAINT; Schema: public; Owner: postgres
--

ALTER TABLE ONLY public.auth_group
    ADD CONSTRAINT auth_group_name_key UNIQUE (name);


--
-- Name: auth_group_permissions auth_group_permissions_group_id_permission_id_0cd325b0_uniq; Type: CONSTRAINT; Schema: public; Owner: postgres
--

ALTER TABLE ONLY public.auth_group_permissions
    ADD CONSTRAINT auth_group_permissions_group_id_permission_id_0cd325b0_uniq UNIQUE (group_id, permission_id);


--
-- Name: auth_group_permissions auth_group_permissions_pkey; Type: CONSTRAINT; Schema: public; Owner: postgres
--

ALTER TABLE ONLY public.auth_group_permissions
    ADD CONSTRAINT auth_group_permissions_pkey PRIMARY KEY (id);


--
-- Name: auth_group auth_group_pkey; Type: CONSTRAINT; Schema: public; Owner: postgres
--

ALTER TABLE ONLY public.auth_group
    ADD CONSTRAINT auth_group_pkey PRIMARY KEY (id);


--
-- Name: auth_permission auth_permission_content_type_id_codename_01ab375a_uniq; Type: CONSTRAINT; Schema: public; Owner: postgres
--

ALTER TABLE ONLY public.auth_permission
    ADD CONSTRAINT auth_permission_content_type_id_codename_01ab375a_uniq UNIQUE (content_type_id, codename);


--
-- Name: auth_permission auth_permission_pkey; Type: CONSTRAINT; Schema: public; Owner: postgres
--

ALTER TABLE ONLY public.auth_permission
    ADD CONSTRAINT auth_permission_pkey PRIMARY KEY (id);


--
-- Name: authtoken_token authtoken_token_pkey; Type: CONSTRAINT; Schema: public; Owner: postgres
--

ALTER TABLE ONLY public.authtoken_token
    ADD CONSTRAINT authtoken_token_pkey PRIMARY KEY (key);


--
-- Name: authtoken_token authtoken_token_user_id_key; Type: CONSTRAINT; Schema: public; Owner: postgres
--

ALTER TABLE ONLY public.authtoken_token
    ADD CONSTRAINT authtoken_token_user_id_key UNIQUE (user_id);


--
-- Name: django_admin_log django_admin_log_pkey; Type: CONSTRAINT; Schema: public; Owner: postgres
--

ALTER TABLE ONLY public.django_admin_log
    ADD CONSTRAINT django_admin_log_pkey PRIMARY KEY (id);


--
-- Name: django_content_type django_content_type_app_label_model_76bd3d3b_uniq; Type: CONSTRAINT; Schema: public; Owner: postgres
--

ALTER TABLE ONLY public.django_content_type
    ADD CONSTRAINT django_content_type_app_label_model_76bd3d3b_uniq UNIQUE (app_label, model);


--
-- Name: django_content_type django_content_type_pkey; Type: CONSTRAINT; Schema: public; Owner: postgres
--

ALTER TABLE ONLY public.django_content_type
    ADD CONSTRAINT django_content_type_pkey PRIMARY KEY (id);


--
-- Name: django_migrations django_migrations_pkey; Type: CONSTRAINT; Schema: public; Owner: postgres
--

ALTER TABLE ONLY public.django_migrations
    ADD CONSTRAINT django_migrations_pkey PRIMARY KEY (id);


--
-- Name: django_session django_session_pkey; Type: CONSTRAINT; Schema: public; Owner: postgres
--

ALTER TABLE ONLY public.django_session
    ADD CONSTRAINT django_session_pkey PRIMARY KEY (session_key);


--
-- Name: tg_acc tg_acc_pkey; Type: CONSTRAINT; Schema: public; Owner: postgres
--

ALTER TABLE ONLY public.tg_acc
    ADD CONSTRAINT tg_acc_pkey PRIMARY KEY (id);


--
-- Name: tg_acc tg_acc_username_key; Type: CONSTRAINT; Schema: public; Owner: postgres
--

ALTER TABLE ONLY public.tg_acc
    ADD CONSTRAINT tg_acc_username_key UNIQUE (username);


--
-- Name: win_competition win_competition_pkey; Type: CONSTRAINT; Schema: public; Owner: postgres
--

ALTER TABLE ONLY public.win_competition
    ADD CONSTRAINT win_competition_pkey PRIMARY KEY (id);


--
-- Name: win_competitiondate win_competitiondate_competition_id_key; Type: CONSTRAINT; Schema: public; Owner: postgres
--

ALTER TABLE ONLY public.win_competitiondate
    ADD CONSTRAINT win_competitiondate_competition_id_key UNIQUE (competition_id);


--
-- Name: win_competitiondate win_competitiondate_pkey; Type: CONSTRAINT; Schema: public; Owner: postgres
--

ALTER TABLE ONLY public.win_competitiondate
    ADD CONSTRAINT win_competitiondate_pkey PRIMARY KEY (id);


--
-- Name: win_competitionorganizer win_competitionorganizer_pkey; Type: CONSTRAINT; Schema: public; Owner: postgres
--

ALTER TABLE ONLY public.win_competitionorganizer
    ADD CONSTRAINT win_competitionorganizer_pkey PRIMARY KEY (id);


--
-- Name: win_competitionorganizer win_competitionorganizer_user_id_competition_id_f74c7626_uniq; Type: CONSTRAINT; Schema: public; Owner: postgres
--

ALTER TABLE ONLY public.win_competitionorganizer
    ADD CONSTRAINT win_competitionorganizer_user_id_competition_id_f74c7626_uniq UNIQUE (user_id, competition_id);


--
-- Name: win_competitionparticipant win_competitionparticipant_pkey; Type: CONSTRAINT; Schema: public; Owner: postgres
--

ALTER TABLE ONLY public.win_competitionparticipant
    ADD CONSTRAINT win_competitionparticipant_pkey PRIMARY KEY (id);


--
-- Name: win_competitionresult win_competitionresult_competition_id_participa_d9946a4b_uniq; Type: CONSTRAINT; Schema: public; Owner: postgres
--

ALTER TABLE ONLY public.win_competitionresult
    ADD CONSTRAINT win_competitionresult_competition_id_participa_d9946a4b_uniq UNIQUE (competition_id, participant_id);


--
-- Name: win_competitionresult win_competitionresult_pkey; Type: CONSTRAINT; Schema: public; Owner: postgres
--

ALTER TABLE ONLY public.win_competitionresult
    ADD CONSTRAINT win_competitionresult_pkey PRIMARY KEY (id);


--
-- Name: win_discipline win_discipline_name_key; Type: CONSTRAINT; Schema: public; Owner: postgres
--

ALTER TABLE ONLY public.win_discipline
    ADD CONSTRAINT win_discipline_name_key UNIQUE (name);


--
-- Name: win_discipline win_discipline_pkey; Type: CONSTRAINT; Schema: public; Owner: postgres
--

ALTER TABLE ONLY public.win_discipline
    ADD CONSTRAINT win_discipline_pkey PRIMARY KEY (id);


--
-- Name: win_faq win_faq_pkey; Type: CONSTRAINT; Schema: public; Owner: postgres
--

ALTER TABLE ONLY public.win_faq
    ADD CONSTRAINT win_faq_pkey PRIMARY KEY (id);


--
-- Name: win_invitation win_invitation_pkey; Type: CONSTRAINT; Schema: public; Owner: postgres
--

ALTER TABLE ONLY public.win_invitation
    ADD CONSTRAINT win_invitation_pkey PRIMARY KEY (id);


--
-- Name: win_news win_news_pkey; Type: CONSTRAINT; Schema: public; Owner: postgres
--

ALTER TABLE ONLY public.win_news
    ADD CONSTRAINT win_news_pkey PRIMARY KEY (id);


--
-- Name: win_prizepoints win_prizepoints_pkey; Type: CONSTRAINT; Schema: public; Owner: postgres
--

ALTER TABLE ONLY public.win_prizepoints
    ADD CONSTRAINT win_prizepoints_pkey PRIMARY KEY (id);


--
-- Name: win_region win_region_pkey; Type: CONSTRAINT; Schema: public; Owner: postgres
--

ALTER TABLE ONLY public.win_region
    ADD CONSTRAINT win_region_pkey PRIMARY KEY (id);


--
-- Name: win_role win_role_pkey; Type: CONSTRAINT; Schema: public; Owner: postgres
--

ALTER TABLE ONLY public.win_role
    ADD CONSTRAINT win_role_pkey PRIMARY KEY (id);


--
-- Name: win_team_members win_team_members_pkey; Type: CONSTRAINT; Schema: public; Owner: postgres
--

ALTER TABLE ONLY public.win_team_members
    ADD CONSTRAINT win_team_members_pkey PRIMARY KEY (id);


--
-- Name: win_team_members win_team_members_team_id_userinfo_id_229a5fe4_uniq; Type: CONSTRAINT; Schema: public; Owner: postgres
--

ALTER TABLE ONLY public.win_team_members
    ADD CONSTRAINT win_team_members_team_id_userinfo_id_229a5fe4_uniq UNIQUE (team_id, userinfo_id);


--
-- Name: win_team win_team_pkey; Type: CONSTRAINT; Schema: public; Owner: postgres
--

ALTER TABLE ONLY public.win_team
    ADD CONSTRAINT win_team_pkey PRIMARY KEY (id);


--
-- Name: win_teamapplication win_teamapplication_pkey; Type: CONSTRAINT; Schema: public; Owner: postgres
--

ALTER TABLE ONLY public.win_teamapplication
    ADD CONSTRAINT win_teamapplication_pkey PRIMARY KEY (id);


--
-- Name: win_user win_user_email_key; Type: CONSTRAINT; Schema: public; Owner: postgres
--

ALTER TABLE ONLY public.win_user
    ADD CONSTRAINT win_user_email_key UNIQUE (email);


--
-- Name: win_user_groups win_user_groups_pkey; Type: CONSTRAINT; Schema: public; Owner: postgres
--

ALTER TABLE ONLY public.win_user_groups
    ADD CONSTRAINT win_user_groups_pkey PRIMARY KEY (id);


--
-- Name: win_user_groups win_user_groups_user_id_group_id_35710f50_uniq; Type: CONSTRAINT; Schema: public; Owner: postgres
--

ALTER TABLE ONLY public.win_user_groups
    ADD CONSTRAINT win_user_groups_user_id_group_id_35710f50_uniq UNIQUE (user_id, group_id);


--
-- Name: win_user win_user_nickName_key; Type: CONSTRAINT; Schema: public; Owner: postgres
--

ALTER TABLE ONLY public.win_user
    ADD CONSTRAINT "win_user_nickName_key" UNIQUE ("nickName");


--
-- Name: win_user win_user_pkey; Type: CONSTRAINT; Schema: public; Owner: postgres
--

ALTER TABLE ONLY public.win_user
    ADD CONSTRAINT win_user_pkey PRIMARY KEY (id);


--
-- Name: win_user_user_permissions win_user_user_permissions_pkey; Type: CONSTRAINT; Schema: public; Owner: postgres
--

ALTER TABLE ONLY public.win_user_user_permissions
    ADD CONSTRAINT win_user_user_permissions_pkey PRIMARY KEY (id);


--
-- Name: win_user_user_permissions win_user_user_permissions_user_id_permission_id_82a545d3_uniq; Type: CONSTRAINT; Schema: public; Owner: postgres
--

ALTER TABLE ONLY public.win_user_user_permissions
    ADD CONSTRAINT win_user_user_permissions_user_id_permission_id_82a545d3_uniq UNIQUE (user_id, permission_id);


--
-- Name: win_userapplication win_userapplication_pkey; Type: CONSTRAINT; Schema: public; Owner: postgres
--

ALTER TABLE ONLY public.win_userapplication
    ADD CONSTRAINT win_userapplication_pkey PRIMARY KEY (id);


--
-- Name: win_userapplication win_userapplication_user_id_competition_id_41f1e5cc_uniq; Type: CONSTRAINT; Schema: public; Owner: postgres
--

ALTER TABLE ONLY public.win_userapplication
    ADD CONSTRAINT win_userapplication_user_id_competition_id_41f1e5cc_uniq UNIQUE (user_id, competition_id);


--
-- Name: win_userdisciplinestats win_userdisciplinestats_pkey; Type: CONSTRAINT; Schema: public; Owner: postgres
--

ALTER TABLE ONLY public.win_userdisciplinestats
    ADD CONSTRAINT win_userdisciplinestats_pkey PRIMARY KEY (id);


--
-- Name: win_userdisciplinestats win_userdisciplinestats_user_id_discipline_id_f4943ae0_uniq; Type: CONSTRAINT; Schema: public; Owner: postgres
--

ALTER TABLE ONLY public.win_userdisciplinestats
    ADD CONSTRAINT win_userdisciplinestats_user_id_discipline_id_f4943ae0_uniq UNIQUE (user_id, discipline_id);


--
-- Name: win_userinfo win_userinfo_pkey; Type: CONSTRAINT; Schema: public; Owner: postgres
--

ALTER TABLE ONLY public.win_userinfo
    ADD CONSTRAINT win_userinfo_pkey PRIMARY KEY (id);


--
-- Name: win_userinfo win_userinfo_user_id_key; Type: CONSTRAINT; Schema: public; Owner: postgres
--

ALTER TABLE ONLY public.win_userinfo
    ADD CONSTRAINT win_userinfo_user_id_key UNIQUE (user_id);


--
-- Name: win_vacancyresponse win_vacancyresponse_pkey; Type: CONSTRAINT; Schema: public; Owner: postgres
--

ALTER TABLE ONLY public.win_vacancyresponse
    ADD CONSTRAINT win_vacancyresponse_pkey PRIMARY KEY (id);


--
-- Name: auth_group_name_a6ea08ec_like; Type: INDEX; Schema: public; Owner: postgres
--

CREATE INDEX auth_group_name_a6ea08ec_like ON public.auth_group USING btree (name varchar_pattern_ops);


--
-- Name: auth_group_permissions_group_id_b120cbf9; Type: INDEX; Schema: public; Owner: postgres
--

CREATE INDEX auth_group_permissions_group_id_b120cbf9 ON public.auth_group_permissions USING btree (group_id);


--
-- Name: auth_group_permissions_permission_id_84c5c92e; Type: INDEX; Schema: public; Owner: postgres
--

CREATE INDEX auth_group_permissions_permission_id_84c5c92e ON public.auth_group_permissions USING btree (permission_id);


--
-- Name: auth_permission_content_type_id_2f476e4b; Type: INDEX; Schema: public; Owner: postgres
--

CREATE INDEX auth_permission_content_type_id_2f476e4b ON public.auth_permission USING btree (content_type_id);


--
-- Name: authtoken_token_key_10f0b77e_like; Type: INDEX; Schema: public; Owner: postgres
--

CREATE INDEX authtoken_token_key_10f0b77e_like ON public.authtoken_token USING btree (key varchar_pattern_ops);


--
-- Name: django_admin_log_content_type_id_c4bce8eb; Type: INDEX; Schema: public; Owner: postgres
--

CREATE INDEX django_admin_log_content_type_id_c4bce8eb ON public.django_admin_log USING btree (content_type_id);


--
-- Name: django_admin_log_user_id_c564eba6; Type: INDEX; Schema: public; Owner: postgres
--

CREATE INDEX django_admin_log_user_id_c564eba6 ON public.django_admin_log USING btree (user_id);


--
-- Name: django_session_expire_date_a5c62663; Type: INDEX; Schema: public; Owner: postgres
--

CREATE INDEX django_session_expire_date_a5c62663 ON public.django_session USING btree (expire_date);


--
-- Name: django_session_session_key_c0390e0f_like; Type: INDEX; Schema: public; Owner: postgres
--

CREATE INDEX django_session_session_key_c0390e0f_like ON public.django_session USING btree (session_key varchar_pattern_ops);


--
-- Name: win_competition_discipline_id_b9037838; Type: INDEX; Schema: public; Owner: postgres
--

CREATE INDEX win_competition_discipline_id_b9037838 ON public.win_competition USING btree (discipline_id);


--
-- Name: win_competitionorganizer_competition_id_37bcbb55; Type: INDEX; Schema: public; Owner: postgres
--

CREATE INDEX win_competitionorganizer_competition_id_37bcbb55 ON public.win_competitionorganizer USING btree (competition_id);


--
-- Name: win_competitionorganizer_user_id_7a52f1e4; Type: INDEX; Schema: public; Owner: postgres
--

CREATE INDEX win_competitionorganizer_user_id_7a52f1e4 ON public.win_competitionorganizer USING btree (user_id);


--
-- Name: win_competitionparticipant_competition_id_516b263d; Type: INDEX; Schema: public; Owner: postgres
--

CREATE INDEX win_competitionparticipant_competition_id_516b263d ON public.win_competitionparticipant USING btree (competition_id);


--
-- Name: win_competitionparticipant_participant_id_00ccea6e; Type: INDEX; Schema: public; Owner: postgres
--

CREATE INDEX win_competitionparticipant_participant_id_00ccea6e ON public.win_competitionparticipant USING btree (participant_id);


--
-- Name: win_competitionresult_competition_id_da1e6f7d; Type: INDEX; Schema: public; Owner: postgres
--

CREATE INDEX win_competitionresult_competition_id_da1e6f7d ON public.win_competitionresult USING btree (competition_id);


--
-- Name: win_competitionresult_participant_id_bc9f9cec; Type: INDEX; Schema: public; Owner: postgres
--

CREATE INDEX win_competitionresult_participant_id_bc9f9cec ON public.win_competitionresult USING btree (participant_id);


--
-- Name: win_discipline_name_a30e79ab_like; Type: INDEX; Schema: public; Owner: postgres
--

CREATE INDEX win_discipline_name_a30e79ab_like ON public.win_discipline USING btree (name varchar_pattern_ops);


--
-- Name: win_invitation_team_id_7e0d9d45; Type: INDEX; Schema: public; Owner: postgres
--

CREATE INDEX win_invitation_team_id_7e0d9d45 ON public.win_invitation USING btree (team_id);


--
-- Name: win_invitation_user_id_0f724b30; Type: INDEX; Schema: public; Owner: postgres
--

CREATE INDEX win_invitation_user_id_0f724b30 ON public.win_invitation USING btree (user_id);


--
-- Name: win_team_captain_id_a07f68b0; Type: INDEX; Schema: public; Owner: postgres
--

CREATE INDEX win_team_captain_id_a07f68b0 ON public.win_team USING btree (captain_id);


--
-- Name: win_team_competition_id_6d41c549; Type: INDEX; Schema: public; Owner: postgres
--

CREATE INDEX win_team_competition_id_6d41c549 ON public.win_team USING btree (competition_id);


--
-- Name: win_team_members_team_id_7344e39e; Type: INDEX; Schema: public; Owner: postgres
--

CREATE INDEX win_team_members_team_id_7344e39e ON public.win_team_members USING btree (team_id);


--
-- Name: win_team_members_userinfo_id_ff9e736e; Type: INDEX; Schema: public; Owner: postgres
--

CREATE INDEX win_team_members_userinfo_id_ff9e736e ON public.win_team_members USING btree (userinfo_id);


--
-- Name: win_teamapplication_competition_id_4f85b935; Type: INDEX; Schema: public; Owner: postgres
--

CREATE INDEX win_teamapplication_competition_id_4f85b935 ON public.win_teamapplication USING btree (competition_id);


--
-- Name: win_teamapplication_team_id_db2346e2; Type: INDEX; Schema: public; Owner: postgres
--

CREATE INDEX win_teamapplication_team_id_db2346e2 ON public.win_teamapplication USING btree (team_id);


--
-- Name: win_user_email_6b5f869b_like; Type: INDEX; Schema: public; Owner: postgres
--

CREATE INDEX win_user_email_6b5f869b_like ON public.win_user USING btree (email varchar_pattern_ops);


--
-- Name: win_user_groups_group_id_4ae7b06b; Type: INDEX; Schema: public; Owner: postgres
--

CREATE INDEX win_user_groups_group_id_4ae7b06b ON public.win_user_groups USING btree (group_id);


--
-- Name: win_user_groups_user_id_fd13013a; Type: INDEX; Schema: public; Owner: postgres
--

CREATE INDEX win_user_groups_user_id_fd13013a ON public.win_user_groups USING btree (user_id);


--
-- Name: win_user_nickName_e1d2b72f_like; Type: INDEX; Schema: public; Owner: postgres
--

CREATE INDEX "win_user_nickName_e1d2b72f_like" ON public.win_user USING btree ("nickName" varchar_pattern_ops);


--
-- Name: win_user_user_permissions_permission_id_a81e289b; Type: INDEX; Schema: public; Owner: postgres
--

CREATE INDEX win_user_user_permissions_permission_id_a81e289b ON public.win_user_user_permissions USING btree (permission_id);


--
-- Name: win_user_user_permissions_user_id_b1aa3467; Type: INDEX; Schema: public; Owner: postgres
--

CREATE INDEX win_user_user_permissions_user_id_b1aa3467 ON public.win_user_user_permissions USING btree (user_id);


--
-- Name: win_userapplication_competition_id_e41ebe9c; Type: INDEX; Schema: public; Owner: postgres
--

CREATE INDEX win_userapplication_competition_id_e41ebe9c ON public.win_userapplication USING btree (competition_id);


--
-- Name: win_userapplication_user_id_2cc048d6; Type: INDEX; Schema: public; Owner: postgres
--

CREATE INDEX win_userapplication_user_id_2cc048d6 ON public.win_userapplication USING btree (user_id);


--
-- Name: win_userdisciplinestats_discipline_id_814b6f1b; Type: INDEX; Schema: public; Owner: postgres
--

CREATE INDEX win_userdisciplinestats_discipline_id_814b6f1b ON public.win_userdisciplinestats USING btree (discipline_id);


--
-- Name: win_userdisciplinestats_user_id_40abcc32; Type: INDEX; Schema: public; Owner: postgres
--

CREATE INDEX win_userdisciplinestats_user_id_40abcc32 ON public.win_userdisciplinestats USING btree (user_id);


--
-- Name: win_userinfo_region_id_060461fc; Type: INDEX; Schema: public; Owner: postgres
--

CREATE INDEX win_userinfo_region_id_060461fc ON public.win_userinfo USING btree (region_id);


--
-- Name: win_userinfo_role_id_6a88f5cc; Type: INDEX; Schema: public; Owner: postgres
--

CREATE INDEX win_userinfo_role_id_6a88f5cc ON public.win_userinfo USING btree (role_id);


--
-- Name: win_vacancyresponse_team_id_9e979a18; Type: INDEX; Schema: public; Owner: postgres
--

CREATE INDEX win_vacancyresponse_team_id_9e979a18 ON public.win_vacancyresponse USING btree (team_id);


--
-- Name: win_vacancyresponse_user_id_71ad7b45; Type: INDEX; Schema: public; Owner: postgres
--

CREATE INDEX win_vacancyresponse_user_id_71ad7b45 ON public.win_vacancyresponse USING btree (user_id);


--
-- Name: auth_group_permissions auth_group_permissio_permission_id_84c5c92e_fk_auth_perm; Type: FK CONSTRAINT; Schema: public; Owner: postgres
--

ALTER TABLE ONLY public.auth_group_permissions
    ADD CONSTRAINT auth_group_permissio_permission_id_84c5c92e_fk_auth_perm FOREIGN KEY (permission_id) REFERENCES public.auth_permission(id) DEFERRABLE INITIALLY DEFERRED;


--
-- Name: auth_group_permissions auth_group_permissions_group_id_b120cbf9_fk_auth_group_id; Type: FK CONSTRAINT; Schema: public; Owner: postgres
--

ALTER TABLE ONLY public.auth_group_permissions
    ADD CONSTRAINT auth_group_permissions_group_id_b120cbf9_fk_auth_group_id FOREIGN KEY (group_id) REFERENCES public.auth_group(id) DEFERRABLE INITIALLY DEFERRED;


--
-- Name: auth_permission auth_permission_content_type_id_2f476e4b_fk_django_co; Type: FK CONSTRAINT; Schema: public; Owner: postgres
--

ALTER TABLE ONLY public.auth_permission
    ADD CONSTRAINT auth_permission_content_type_id_2f476e4b_fk_django_co FOREIGN KEY (content_type_id) REFERENCES public.django_content_type(id) DEFERRABLE INITIALLY DEFERRED;


--
-- Name: authtoken_token authtoken_token_user_id_35299eff_fk_win_user_id; Type: FK CONSTRAINT; Schema: public; Owner: postgres
--

ALTER TABLE ONLY public.authtoken_token
    ADD CONSTRAINT authtoken_token_user_id_35299eff_fk_win_user_id FOREIGN KEY (user_id) REFERENCES public.win_user(id) DEFERRABLE INITIALLY DEFERRED;


--
-- Name: django_admin_log django_admin_log_content_type_id_c4bce8eb_fk_django_co; Type: FK CONSTRAINT; Schema: public; Owner: postgres
--

ALTER TABLE ONLY public.django_admin_log
    ADD CONSTRAINT django_admin_log_content_type_id_c4bce8eb_fk_django_co FOREIGN KEY (content_type_id) REFERENCES public.django_content_type(id) DEFERRABLE INITIALLY DEFERRED;


--
-- Name: django_admin_log django_admin_log_user_id_c564eba6_fk_win_user_id; Type: FK CONSTRAINT; Schema: public; Owner: postgres
--

ALTER TABLE ONLY public.django_admin_log
    ADD CONSTRAINT django_admin_log_user_id_c564eba6_fk_win_user_id FOREIGN KEY (user_id) REFERENCES public.win_user(id) DEFERRABLE INITIALLY DEFERRED;


--
-- Name: win_competition win_competition_discipline_id_b9037838_fk_win_discipline_id; Type: FK CONSTRAINT; Schema: public; Owner: postgres
--

ALTER TABLE ONLY public.win_competition
    ADD CONSTRAINT win_competition_discipline_id_b9037838_fk_win_discipline_id FOREIGN KEY (discipline_id) REFERENCES public.win_discipline(id) DEFERRABLE INITIALLY DEFERRED;


--
-- Name: win_competitiondate win_competitiondate_competition_id_95a51d1f_fk_win_compe; Type: FK CONSTRAINT; Schema: public; Owner: postgres
--

ALTER TABLE ONLY public.win_competitiondate
    ADD CONSTRAINT win_competitiondate_competition_id_95a51d1f_fk_win_compe FOREIGN KEY (competition_id) REFERENCES public.win_competition(id) DEFERRABLE INITIALLY DEFERRED;


--
-- Name: win_competitionorganizer win_competitionorgan_competition_id_37bcbb55_fk_win_compe; Type: FK CONSTRAINT; Schema: public; Owner: postgres
--

ALTER TABLE ONLY public.win_competitionorganizer
    ADD CONSTRAINT win_competitionorgan_competition_id_37bcbb55_fk_win_compe FOREIGN KEY (competition_id) REFERENCES public.win_competition(id) DEFERRABLE INITIALLY DEFERRED;


--
-- Name: win_competitionorganizer win_competitionorganizer_user_id_7a52f1e4_fk_win_userinfo_id; Type: FK CONSTRAINT; Schema: public; Owner: postgres
--

ALTER TABLE ONLY public.win_competitionorganizer
    ADD CONSTRAINT win_competitionorganizer_user_id_7a52f1e4_fk_win_userinfo_id FOREIGN KEY (user_id) REFERENCES public.win_userinfo(id) DEFERRABLE INITIALLY DEFERRED;


--
-- Name: win_competitionparticipant win_competitionparti_competition_id_516b263d_fk_win_compe; Type: FK CONSTRAINT; Schema: public; Owner: postgres
--

ALTER TABLE ONLY public.win_competitionparticipant
    ADD CONSTRAINT win_competitionparti_competition_id_516b263d_fk_win_compe FOREIGN KEY (competition_id) REFERENCES public.win_competition(id) DEFERRABLE INITIALLY DEFERRED;


--
-- Name: win_competitionparticipant win_competitionparti_participant_id_00ccea6e_fk_win_useri; Type: FK CONSTRAINT; Schema: public; Owner: postgres
--

ALTER TABLE ONLY public.win_competitionparticipant
    ADD CONSTRAINT win_competitionparti_participant_id_00ccea6e_fk_win_useri FOREIGN KEY (participant_id) REFERENCES public.win_userinfo(id) DEFERRABLE INITIALLY DEFERRED;


--
-- Name: win_competitionresult win_competitionresul_competition_id_da1e6f7d_fk_win_compe; Type: FK CONSTRAINT; Schema: public; Owner: postgres
--

ALTER TABLE ONLY public.win_competitionresult
    ADD CONSTRAINT win_competitionresul_competition_id_da1e6f7d_fk_win_compe FOREIGN KEY (competition_id) REFERENCES public.win_competition(id) DEFERRABLE INITIALLY DEFERRED;


--
-- Name: win_competitionresult win_competitionresul_participant_id_bc9f9cec_fk_win_useri; Type: FK CONSTRAINT; Schema: public; Owner: postgres
--

ALTER TABLE ONLY public.win_competitionresult
    ADD CONSTRAINT win_competitionresul_participant_id_bc9f9cec_fk_win_useri FOREIGN KEY (participant_id) REFERENCES public.win_userinfo(id) DEFERRABLE INITIALLY DEFERRED;


--
-- Name: win_invitation win_invitation_team_id_7e0d9d45_fk_win_team_id; Type: FK CONSTRAINT; Schema: public; Owner: postgres
--

ALTER TABLE ONLY public.win_invitation
    ADD CONSTRAINT win_invitation_team_id_7e0d9d45_fk_win_team_id FOREIGN KEY (team_id) REFERENCES public.win_team(id) DEFERRABLE INITIALLY DEFERRED;


--
-- Name: win_invitation win_invitation_user_id_0f724b30_fk_win_userinfo_id; Type: FK CONSTRAINT; Schema: public; Owner: postgres
--

ALTER TABLE ONLY public.win_invitation
    ADD CONSTRAINT win_invitation_user_id_0f724b30_fk_win_userinfo_id FOREIGN KEY (user_id) REFERENCES public.win_userinfo(id) DEFERRABLE INITIALLY DEFERRED;


--
-- Name: win_team win_team_captain_id_a07f68b0_fk_win_userinfo_id; Type: FK CONSTRAINT; Schema: public; Owner: postgres
--

ALTER TABLE ONLY public.win_team
    ADD CONSTRAINT win_team_captain_id_a07f68b0_fk_win_userinfo_id FOREIGN KEY (captain_id) REFERENCES public.win_userinfo(id) DEFERRABLE INITIALLY DEFERRED;


--
-- Name: win_team win_team_competition_id_6d41c549_fk_win_competition_id; Type: FK CONSTRAINT; Schema: public; Owner: postgres
--

ALTER TABLE ONLY public.win_team
    ADD CONSTRAINT win_team_competition_id_6d41c549_fk_win_competition_id FOREIGN KEY (competition_id) REFERENCES public.win_competition(id) DEFERRABLE INITIALLY DEFERRED;


--
-- Name: win_team_members win_team_members_team_id_7344e39e_fk_win_team_id; Type: FK CONSTRAINT; Schema: public; Owner: postgres
--

ALTER TABLE ONLY public.win_team_members
    ADD CONSTRAINT win_team_members_team_id_7344e39e_fk_win_team_id FOREIGN KEY (team_id) REFERENCES public.win_team(id) DEFERRABLE INITIALLY DEFERRED;


--
-- Name: win_team_members win_team_members_userinfo_id_ff9e736e_fk_win_userinfo_id; Type: FK CONSTRAINT; Schema: public; Owner: postgres
--

ALTER TABLE ONLY public.win_team_members
    ADD CONSTRAINT win_team_members_userinfo_id_ff9e736e_fk_win_userinfo_id FOREIGN KEY (userinfo_id) REFERENCES public.win_userinfo(id) DEFERRABLE INITIALLY DEFERRED;


--
-- Name: win_teamapplication win_teamapplication_competition_id_4f85b935_fk_win_compe; Type: FK CONSTRAINT; Schema: public; Owner: postgres
--

ALTER TABLE ONLY public.win_teamapplication
    ADD CONSTRAINT win_teamapplication_competition_id_4f85b935_fk_win_compe FOREIGN KEY (competition_id) REFERENCES public.win_competition(id) DEFERRABLE INITIALLY DEFERRED;


--
-- Name: win_teamapplication win_teamapplication_team_id_db2346e2_fk_win_team_id; Type: FK CONSTRAINT; Schema: public; Owner: postgres
--

ALTER TABLE ONLY public.win_teamapplication
    ADD CONSTRAINT win_teamapplication_team_id_db2346e2_fk_win_team_id FOREIGN KEY (team_id) REFERENCES public.win_team(id) DEFERRABLE INITIALLY DEFERRED;


--
-- Name: win_user_groups win_user_groups_group_id_4ae7b06b_fk_auth_group_id; Type: FK CONSTRAINT; Schema: public; Owner: postgres
--

ALTER TABLE ONLY public.win_user_groups
    ADD CONSTRAINT win_user_groups_group_id_4ae7b06b_fk_auth_group_id FOREIGN KEY (group_id) REFERENCES public.auth_group(id) DEFERRABLE INITIALLY DEFERRED;


--
-- Name: win_user_groups win_user_groups_user_id_fd13013a_fk_win_user_id; Type: FK CONSTRAINT; Schema: public; Owner: postgres
--

ALTER TABLE ONLY public.win_user_groups
    ADD CONSTRAINT win_user_groups_user_id_fd13013a_fk_win_user_id FOREIGN KEY (user_id) REFERENCES public.win_user(id) DEFERRABLE INITIALLY DEFERRED;


--
-- Name: win_user_user_permissions win_user_user_permis_permission_id_a81e289b_fk_auth_perm; Type: FK CONSTRAINT; Schema: public; Owner: postgres
--

ALTER TABLE ONLY public.win_user_user_permissions
    ADD CONSTRAINT win_user_user_permis_permission_id_a81e289b_fk_auth_perm FOREIGN KEY (permission_id) REFERENCES public.auth_permission(id) DEFERRABLE INITIALLY DEFERRED;


--
-- Name: win_user_user_permissions win_user_user_permissions_user_id_b1aa3467_fk_win_user_id; Type: FK CONSTRAINT; Schema: public; Owner: postgres
--

ALTER TABLE ONLY public.win_user_user_permissions
    ADD CONSTRAINT win_user_user_permissions_user_id_b1aa3467_fk_win_user_id FOREIGN KEY (user_id) REFERENCES public.win_user(id) DEFERRABLE INITIALLY DEFERRED;


--
-- Name: win_userapplication win_userapplication_competition_id_e41ebe9c_fk_win_compe; Type: FK CONSTRAINT; Schema: public; Owner: postgres
--

ALTER TABLE ONLY public.win_userapplication
    ADD CONSTRAINT win_userapplication_competition_id_e41ebe9c_fk_win_compe FOREIGN KEY (competition_id) REFERENCES public.win_competition(id) DEFERRABLE INITIALLY DEFERRED;


--
-- Name: win_userapplication win_userapplication_user_id_2cc048d6_fk_win_userinfo_id; Type: FK CONSTRAINT; Schema: public; Owner: postgres
--

ALTER TABLE ONLY public.win_userapplication
    ADD CONSTRAINT win_userapplication_user_id_2cc048d6_fk_win_userinfo_id FOREIGN KEY (user_id) REFERENCES public.win_userinfo(id) DEFERRABLE INITIALLY DEFERRED;


--
-- Name: win_userdisciplinestats win_userdisciplinest_discipline_id_814b6f1b_fk_win_disci; Type: FK CONSTRAINT; Schema: public; Owner: postgres
--

ALTER TABLE ONLY public.win_userdisciplinestats
    ADD CONSTRAINT win_userdisciplinest_discipline_id_814b6f1b_fk_win_disci FOREIGN KEY (discipline_id) REFERENCES public.win_discipline(id) DEFERRABLE INITIALLY DEFERRED;


--
-- Name: win_userdisciplinestats win_userdisciplinestats_user_id_40abcc32_fk_win_userinfo_id; Type: FK CONSTRAINT; Schema: public; Owner: postgres
--

ALTER TABLE ONLY public.win_userdisciplinestats
    ADD CONSTRAINT win_userdisciplinestats_user_id_40abcc32_fk_win_userinfo_id FOREIGN KEY (user_id) REFERENCES public.win_userinfo(id) DEFERRABLE INITIALLY DEFERRED;


--
-- Name: win_userinfo win_userinfo_region_id_060461fc_fk_win_region_id; Type: FK CONSTRAINT; Schema: public; Owner: postgres
--

ALTER TABLE ONLY public.win_userinfo
    ADD CONSTRAINT win_userinfo_region_id_060461fc_fk_win_region_id FOREIGN KEY (region_id) REFERENCES public.win_region(id) DEFERRABLE INITIALLY DEFERRED;


--
-- Name: win_userinfo win_userinfo_role_id_6a88f5cc_fk_win_role_id; Type: FK CONSTRAINT; Schema: public; Owner: postgres
--

ALTER TABLE ONLY public.win_userinfo
    ADD CONSTRAINT win_userinfo_role_id_6a88f5cc_fk_win_role_id FOREIGN KEY (role_id) REFERENCES public.win_role(id) DEFERRABLE INITIALLY DEFERRED;


--
-- Name: win_userinfo win_userinfo_user_id_e71f6819_fk_win_user_id; Type: FK CONSTRAINT; Schema: public; Owner: postgres
--

ALTER TABLE ONLY public.win_userinfo
    ADD CONSTRAINT win_userinfo_user_id_e71f6819_fk_win_user_id FOREIGN KEY (user_id) REFERENCES public.win_user(id) DEFERRABLE INITIALLY DEFERRED;


--
-- Name: win_vacancyresponse win_vacancyresponse_team_id_9e979a18_fk_win_team_id; Type: FK CONSTRAINT; Schema: public; Owner: postgres
--

ALTER TABLE ONLY public.win_vacancyresponse
    ADD CONSTRAINT win_vacancyresponse_team_id_9e979a18_fk_win_team_id FOREIGN KEY (team_id) REFERENCES public.win_team(id) DEFERRABLE INITIALLY DEFERRED;


--
-- Name: win_vacancyresponse win_vacancyresponse_user_id_71ad7b45_fk_win_userinfo_id; Type: FK CONSTRAINT; Schema: public; Owner: postgres
--

ALTER TABLE ONLY public.win_vacancyresponse
    ADD CONSTRAINT win_vacancyresponse_user_id_71ad7b45_fk_win_userinfo_id FOREIGN KEY (user_id) REFERENCES public.win_userinfo(id) DEFERRABLE INITIALLY DEFERRED;


--
-- PostgreSQL database dump complete
--

